student_id,attendance_pct,internal_test1,internal_test2,assignments_avg,participation,prev_sem_gpa,risk_label
S001,82.45071229516849,22.630887737658206,25.0,16.33508322849991,3,7.659908680633533,0
S002,61.98713016006739,20.0,23.698534731651076,9.2598321382608,2,4.860842353548973,1
S003,72.00802886078382,8.805729704723436,20.238521479680696,8.659052512299809,1,7.5873017479990565,1
S004,83.16863066920232,16.651876946762282,17.412252889177704,10.492407470825357,2,5.24303957564698,1
S005,60.764544472277464,11.797429723512693,22.79289325445436,10.117084599318911,1,4.330072310666673,1
S006,71.4879456457623,15.56437308117652,21.573941541687,12.640315852018174,5,7.147444019831047,0
S007,83.88496339771925,12.030424303044525,23.580772880110928,12.066871756777608,1,6.9061620635602035,1
S008,86.51152093729362,13.68004615160092,22.540687206727878,16.865915625711533,5,8.08977007641833,0
S009,67.95788421097572,18.242608139724133,24.19821086127734,14.265220658875542,5,7.706418838819024,0
S010,83.13840065378947,13.84524941794481,17.859059153757727,18.432590243165784,3,6.2288248546587095,0
S011,68.04873460781306,19.352284128899193,25.0,10.574932657599485,3,8.355673417111925,0
S012,57.811945641979214,14.199047562203454,20.7903984187696,10.064266216620634,2,7.786949586998126,1
S013,66.83501896246693,13.444207812534362,25.0,8.887149778643689,2,5.447776901268019,1
S014,39.355676880613075,10.76974535183361,17.243248727641728,6.300292611585615,1,6.554513370247617,1
S015,41.75729763545883,12.09291467772667,25.0,10.313968456853926,2,6.453604770722259,1
S016,66.5656870613854,21.77695612912878,20.79164313385059,13.634757474850149,4,7.764457899345641,0
S017,50.83640321573609,16.403668750497523,17.394327985542205,13.905261922294796,2,6.528682304883962,1
S018,67.75665349058974,10.489779020805797,18.064456663782714,11.91932629024825,1,6.676692006161185,1
S019,52.172693037104565,14.797329221716906,18.71861076722272,8.19557964525929,1,7.443160772661027,1
S020,45.74312780797503,17.405548493487156,21.696663785607665,14.671708274251923,2,5.547038652430776,1
S021,82.43702180374981,7.722378875514514,22.091341952142,13.247325814932044,1,7.546362986081689,1
S022,71.61335549270197,20.716800961899676,17.705199984245684,15.746293110405848,4,8.869359277837502,0
S023,64.61098460977104,11.749504964216614,19.902581630956067,9.99041077758788,1,8.514865792967978,1
S024,45.584460625778426,16.682394674372638,25.0,8.34126171737217,1,4.435163289931652,1
S025,66.83425913212226,14.183704217287415,25.0,12.883379671786841,3,7.280518011461738,0
S026,65.16426301880078,7.180471597341924,21.74529467869613,12.949684394334419,1,4.627691379698123,1
S027,49.074831887865635,7.88983024846735,20.1520139126728,14.74031918835287,1,4.120131215045351,1
S028,68.54014973390733,14.592339786645528,20.480125306873045,13.972297938612424,1,6.9056204914160775,1
S029,56.09185670353523,15.438890006885927,22.454071890921668,9.400088800980884,1,6.31891606372161,1
S030,60.03090469013572,10.782733499582367,15.908829739206379,7.980860775099725,2,7.073839027912406,1
S031,65.97440081655904,21.19296229388687,18.97049385030662,14.422658740733612,5,8.083353228104778,0
S032,85.0,7.753919750924161,13.325663704489642,6.521011427483583,1,8.097727634756554,1
S033,74.79754162893099,17.66960100676342,21.596892490421116,14.969503142554345,5,7.564704510366936,0
S034,50.26418565581227,9.555935200950174,22.588783758810965,10.167894180827997,2,9.0,1
S035,87.33817368154783,14.740819460989204,18.067254150802505,12.601890494395274,5,7.867691825982256,0
S036,48.18424346286947,14.589594685265656,25.0,6.91191809864971,2,8.73987736813259,1
S037,66.41301083631063,10.958346538864191,15.096937347990636,11.655600239781862,2,4.230535175433812,1
S038,38.76420592053286,12.861777823080699,14.14250047916072,9.3014231107607,1,8.207718691914675,1
S039,46.81562787654501,18.42517123685776,20.897807274239888,7.867687119651852,1,6.554778671020795,1
S040,66.25998075733132,12.092432521907405,24.188393210448616,4.037410020116289,2,4.645784959818547,1
S041,73.16544889494148,17.74276844826057,25.0,10.438091463636068,1,7.20418871796637,1
S042,77.57052421784955,12.35146572671191,18.16446294852424,19.316754790009234,4,7.136453354418819,0
S043,73.2652757641764,20.649020889576413,24.314723333725183,18.98377764364361,4,8.196063898137771,0
S044,70.48344456616067,25.0,19.845966121997172,12.628711230241183,4,8.713291749061295,0
S045,44.8988446228153,4.513421999490842,19.30949080023672,9.145022864185993,2,5.141717873897477,1
S046,54.571986342967456,11.212418978118095,23.534639749946688,11.554742076168804,1,7.846112501051571,1
S047,68.09041843560318,20.8853606359027,22.60929151365368,11.004843682435126,4,7.50777538106486,0
S048,90.85683339328374,16.984773069785035,13.694431372063002,14.905375699458398,4,9.123409409631927,0
S049,80.15427434352692,19.855729366856544,25.0,16.298240835154072,5,7.253822125202558,0
S050,41.27123801912514,11.984059253136719,25.0,13.260599753739694,1,6.241958396066065,1
S051,79.86125954092192,18.4329489373645,17.497749193961884,13.699537770560141,5,7.532464848826741,0
S052,69.22376579375525,17.221613823039604,21.583214133749635,13.388978749469102,3,7.622232847655823,0
S053,55.11924449609902,19.07112824663923,21.976120745130956,8.524539179797738,2,6.034192414388926,1
S054,84.17514433261302,19.272104216506065,21.04269506329563,11.519358937880419,4,6.9044343228536595,0
S055,76.89524391182337,15.750410648300809,17.79877938461832,9.990422493221566,2,5.424974422725108,1
S056,75.62382151873153,12.752492135510131,17.313506528247792,11.3265723903364,2,6.28058330302659,1
S057,53.049976578911355,12.449575103710027,19.89778371603422,12.555565409024812,1,7.480414864797385,1
S058,70.36181436223178,15.837209060901895,24.690916077037457,11.590463147958966,3,7.335174991312627,0
S059,67.97360875039544,15.977808569513186,22.174400618377728,13.858549280158925,2,7.839790519731115,1
S060,89.63317690683539,15.895077595898686,18.517542671655576,13.186629196872294,4,7.277484638816311,0
S061,57.64052846747255,15.559099427585654,23.086794842593378,10.451923587716019,1,5.20396056245882,1
S062,61.38284804753633,20.0,8.605829517479698,8.818773721917399,1,7.3950568785611095,1
S063,49.64422908142314,17.884498813726772,24.595062801488414,5.045459414385881,1,6.022487007683925,1
S064,48.49836554297145,13.095905871328638,13.0411448848876,12.48910214181236,2,6.497963328135383,1
S065,87.18788733591298,24.006069610819722,18.550236234387473,16.2105316912773,5,8.985086456980941,0
S066,81.04206036427799,12.767698507913796,15.521320421495425,9.86701299648402,2,5.496259903500765,1
S067,62.83187094985074,6.247501859288585,14.821274097116376,10.650729113755961,2,6.9279232904615355,1
S068,76.5450444481233,10.367654756330385,24.64330714951408,11.660863239834224,1,6.706240181961345,1
S069,68.36085931935733,6.916832315896578,18.129195194752434,6.984271822005279,1,7.506999772672071,1
S070,55.52472312878467,12.993946063834768,21.38601552692286,9.309631475970837,2,7.673565634720584,1
S071,80.4209340826262,18.092091895947757,19.812317684483265,16.38279403886548,5,7.816606805098671,0
S072,98.07054849698955,25.0,21.908163308892487,10.237131730492251,4,7.06755042410352,0
S073,63.29321800134812,15.707709495056651,20.307287564241022,11.160505347374915,1,7.261242304348038,1
S074,83.69920661162858,13.523597884764545,14.868031103245722,7.447690939597338,1,8.192508368916126,1
S075,34.0,17.71762232473396,23.98506727778856,11.549467460475434,2,6.7205268651891235,1
S076,74.2292569307841,5.55545876396846,18.02497366735475,10.419806664830661,2,6.461363396423131,1
S077,64.85985012003668,15.342458232434263,13.773672405360996,6.865953414212603,2,7.1692238782814295,1
S078,59.937656281560194,17.483460775547865,18.28753935613635,13.120663547528634,1,6.791825181999181,1
S079,64.91994990082765,8.485655016880633,25.0,8.847168952204388,1,5.305273822168777,1
S080,38.40849633883862,18.97501617282772,23.40088696845397,8.676932016717643,1,7.00847726442928,1
S081,60.94918343007172,15.753985629977658,18.605391462368562,10.951280693769622,1,5.295496598535135,1
S082,80.35668857267619,15.923560430495993,18.602969182726284,17.445912048286147,3,7.949376775690134,0
S083,82.59314907045433,16.931127464425142,18.71345979513047,8.214400907298607,1,5.889085857640907,1
S084,67.22594672589528,25.0,25.0,14.185039549543914,4,7.544249765023615,0
S085,53.44170656311186,15.127465020233982,21.527741808926212,11.464837125743788,2,7.171841418695175,1
S086,67.47364434623195,19.24110293150168,21.72016658876428,16.079316821789433,4,10.0,0
S087,75.42137700070144,12.562556401839025,24.12113381612737,10.896993499373757,1,7.552169958729878,1
S088,79.93126664489526,13.750778152676041,20.955156636106054,12.898916482750034,3,9.137758571690801,0
S089,67.05359694349441,22.151679082721227,18.963831416717188,11.517229338053841,5,9.746097382432708,0
S090,82.69901149670034,13.719580870455664,19.214600603660088,14.258431649139125,3,8.087107100399333,0
S091,64.98773875418752,14.686264948877572,19.713594962343745,8.087687223032386,1,7.0585449842885755,1
S092,76.10022362929433,12.489370212939534,19.851111053960633,3.926961412137133,1,5.597941202467688,1
S093,54.79882305306376,16.31591930298557,22.91051817454792,11.482259559354752,2,6.624039673007574,1
S094,70.08506780103347,19.66831052643474,20.207783543229198,16.711804523258586,5,6.632294724436965,0
S095,58.750621047565,18.5501597770316,22.93056030886232,5.183402020030863,2,6.316856441865663,1
S096,45.090184411315484,12.359934404581011,19.67713367956567,8.22810591440264,2,8.770316446287866,1
S097,67.52553353257335,13.320500258826517,20.31454076126436,11.893097087261696,1,6.873791229935989,1
S098,78.91582908269834,13.106181421088463,12.00719726187157,20.0,5,6.44892050674067,0
S099,63.81519657219138,12.622826959695553,23.665310698809925,10.546785842269667,2,8.23449613106661,1
S100,71.4811929993728,19.88650246522426,21.38595390359197,11.815991176312597,4,8.646330571484938,0
S101,45.704023038857216,17.427954466581408,23.992040439438608,10.08848300751411,2,7.8382657720084286,1
S102,58.38677213474167,10.711338703289499,8.414978487225243,13.593471943083415,2,4.583379380649414,1
S103,59.38038991428368,17.87842368042264,25.0,9.046580596969795,1,8.854564634339203,1
S104,53.52096481742436,19.822551435219808,19.441641487379304,8.701817985036929,2,6.146804078538602,1
S105,72.58071432500986,20.067174516118506,24.432731266950064,12.551769433453902,5,8.433545727351307,0
S106,81.06076285221808,25.0,15.840376291497876,11.140014175223863,3,10.0,0
S107,100.0,14.131054004482134,22.45109562025028,14.368010947984386,5,10.0,0
S108,65.97586711360594,9.421381186754331,15.786337747305375,14.15552653155651,1,5.694232904489498,1
S109,67.03376748171524,7.285119004382885,17.50492415721678,11.226928364511066,1,5.189921276037546,1
S110,73.8833112635075,25.0,25.0,13.242939493621137,4,9.216415918617514,0
S111,39.285667004937224,17.017462625416233,19.237270396946613,9.843424644940026,2,6.90342027652152,1
S112,63.411948088022484,14.177661316358181,20.86973149271889,6.982820680432522,1,6.209048043393754,1
S113,75.90345314911539,19.399843131599102,23.480270922755018,16.64932933144148,4,8.245462256326856,0
S114,85.0,9.898043810806493,21.98272755189042,10.324866306721196,2,6.574090056343803,1
S115,61.29739769904068,20.0,20.601675620574305,10.093920194421093,1,7.507430068012643,1
S116,79.52321013500419,18.646105909876137,21.459844009864902,20.0,5,7.580378169382479,0
S117,74.47932345442135,18.546973973024464,25.0,14.89625872509706,4,8.366865513993801,0
S118,48.84935502035096,17.30306649559477,19.769524811865658,8.808470137285834,2,5.7839046957327005,1
S119,92.14234221772531,20.405046158683568,20.80439618685987,12.72092721138337,3,9.209354415759162,0
S120,86.27899549030161,19.119420121395656,24.20261758403045,17.445337127590264,4,8.337148044878926,0
S121,86.8654792056457,14.047627722773441,24.422103731831935,14.339811231613293,5,8.275556843284287,0
S122,52.15530995136708,16.285873428543983,24.748121222241522,7.263874548785925,2,5.542916478827046,1
S123,81.63562746443526,20.0,22.55492088811674,12.568265102794209,2,8.585603009975786,1
S124,45.87639894939842,19.781680184619912,15.427980349078066,8.996675807537263,1,6.73518661268443,1
S125,83.80285640700406,25.0,25.0,19.619893328652637,4,8.37365863491581,0
S126,85.0,12.35513729427526,15.414618427925248,12.930108147857958,2,6.4013495791536625,1
S127,51.12066185458372,10.441580718965676,21.210541860956134,9.49352573476781,1,7.031760189856665,1
S128,56.529703947564656,13.896852319601408,16.98289659992257,13.382286813904003,2,7.070897540288956,1
S129,65.02055490486742,14.622899649154778,19.74344661362803,10.652674898686657,1,3.704474593436306,1
S130,67.44786518825701,23.470957592354743,21.31504964121392,16.55832102536666,4,8.198937749585797,0
S131,43.97904125390681,7.630141481140723,21.285428861801094,11.590648838912568,1,8.872568778659852,1
S132,76.0284446220904,25.0,21.68768301694114,11.46093003502738,4,8.147736310790348,0
S133,50.20562764999217,13.767968405684043,25.0,9.05201287728571,2,5.715675091199083,1
S134,82.10388645952773,15.8655946502629,21.814137206055918,17.089882452743485,5,8.279953879384664,0
S135,52.027341013519006,10.351582498959331,19.023373458837405,9.746755502760283,2,7.894238972587207,1
S136,83.51166366397362,7.780573312536923,23.85634867315343,9.591790957705507,2,7.303463837485618,1
S137,53.76352052271298,17.69268233584766,24.75788195569856,8.350974196463955,2,6.669942725055552,1
S138,70.16907725691486,18.36658983594202,15.08956873945203,15.270797196780382,4,7.209420929011284,0
S139,74.12234452146328,9.240156401035785,22.38960027939943,15.0,2,6.483985464203848,1
S140,48.05647996546707,9.219684911745537,22.804690969243595,8.098050942927886,1,7.503599053092109,1
S141,66.65011416620264,13.056861202839489,18.80974598656003,10.554493777513706,2,5.230306085335601,1
S142,94.60714131423643,25.0,25.0,18.236661666246288,3,7.053752206973512,0
S143,43.25458875934435,13.361634594545581,19.399777651869893,10.320806869697142,2,8.473258608851825,1
S144,66.10408169628688,8.387428187527576,20.50230581388617,11.517836541561902,1,8.51493088790335,1
S145,67.06350562666739,13.417027743656224,19.30771270286452,8.10961456166952,2,5.153601145174205,1
S146,86.72734307665965,16.636382151261646,20.06231619032587,15.284921291622945,5,6.142303666483669,0
S147,47.978878436304456,3.6124534282337137,15.614899652419194,10.078925403739765,2,6.457729774109828,1
S148,46.91417818317547,14.182820533928751,14.239796469622823,12.717892490279691,1,7.7139966784835,1
S149,70.40475496161545,13.476261879165287,25.0,13.17161861602069,2,4.77632769762277,1
S150,79.45477009849779,21.48103182406709,16.61215460672669,20.0,4,7.434229638099026,0
S151,66.94378384190992,20.0,16.034430602174773,11.804174639730546,2,6.237886510893984,1
S152,68.16721467108643,18.906260118191028,11.38643954558514,11.233041712309875,2,8.182041848228053,1
S153,55.079684799874244,13.324445237780678,17.44415300924199,10.937364678549006,1,4.938938848113206,1
S154,78.48380545741506,12.467370456291649,14.707640826370007,12.940501121567936,4,7.611048738592347,0
S155,79.39608709948021,25.0,25.0,15.015451530385073,4,7.027668675181688,0
S156,54.642019420163805,14.636873736057954,24.03926835737054,9.835346827187184,2,8.33738284037947,1
S157,100.0,18.06964645956473,17.247398619289104,14.505382928808842,4,8.2171831756239,0
S158,69.79136974162529,14.303499651559987,25.0,13.464594455117908,1,6.117319088001646,1
S159,48.56088041066623,15.19233904307142,23.927061947966376,8.235279228120806,2,7.671657358795409,1
S160,84.84830412950744,17.278197940380288,18.70067446596551,17.419635683387135,5,7.0334053760297115,0
S161,51.32280870460165,12.105351972479056,10.002377140505708,13.463508901514697,1,7.8292760881389345,1
S162,86.80626905613678,15.265705293798039,25.0,13.645794419026764,3,7.215507610937306,0
S163,78.52209363234441,14.268986919136006,14.441710132945616,5.725826477230662,2,7.889039905070265,1
S164,53.28630044101569,12.226300915464941,13.418405012172432,9.132400529037527,1,7.22096851153743,1
S165,76.03304564786511,11.548616869291344,24.090281728038562,13.418237729762495,1,9.0,1
S166,69.01295681844036,14.825720910767586,25.0,10.448546859827516,1,6.692872314150715,1
S167,74.23126703992975,13.380091130316579,25.0,8.25156997733645,1,7.1634912749511646,1
S168,100.0,25.0,22.25563648020944,12.485675236315348,5,6.924690309940883,0
S169,60.6213015209634,3.796120766427953,22.379017366661145,12.391395059635244,1,6.752900168015161,1
S170,54.139863904442,18.766027407689847,23.41366223512123,11.730150528453102,1,3.8320180551186045,1
S171,52.408691022274574,19.384340769990516,23.03571435914706,9.962402776868188,2,7.252830737864316,1
S172,53.34841886669066,6.1064390703674025,21.124765695877503,9.674645073416952,2,8.200304149985365,1
S173,73.84347435878844,16.286562029598258,20.416804415807505,12.824725552868534,5,7.975956005519225,0
S174,68.0996876789122,12.914236536016837,19.74962748840191,8.424577084878369,1,5.331029625384432,1
S175,67.27780769145774,8.769953221128715,16.984141644533295,14.134595301306245,1,5.884069875074279,1
S176,74.2965864252093,11.2887332496365,18.877299692532905,9.774778944274484,1,4.125392502671228,1
S177,63.915774121443306,9.957696618136687,13.228172743218458,13.238606671857365,1,7.807237927414659,1
S178,96.80301115735975,25.0,19.606641492821,18.563948155767356,3,6.292184048748504,0
S179,60.375625376216064,18.142713572589845,16.045635571396332,12.746199520832912,2,6.718994722570794,1
S180,100.0,24.357775474970794,15.585642731136916,12.705139061845856,3,7.315514913207336,0
S181,71.72725868400383,17.28668825617294,20.719576604613913,11.408392703257372,1,8.356745198510927,1
S182,52.82124115569239,9.883792915131083,25.0,10.445559885620439,2,6.842103823402997,1
S183,50.096120649720824,12.301918934880906,23.673266424009253,8.466670813357212,2,7.623604353714491,1
S184,82.23708622864778,20.44687280613959,13.717997585507291,14.97307784516481,5,8.155756516977196,0
S185,60.9008494870954,9.511488764432219,16.04148745371865,7.847160469890444,1,8.218164333558311,1
S186,72.85350629967418,17.25199372068955,23.763084751952864,13.172278624038517,1,6.491746409936805,1
S187,82.09856436860318,16.798373009209325,16.070050425846762,12.60614810810482,4,9.74353839660542,0
S188,62.82143136362487,12.900716769801612,19.101467400011902,10.95260922571389,2,4.60548487108874,1
S189,52.95338009462783,17.243839872813965,22.20020839609821,11.13739771097882,2,7.6760713778413345,1
S190,44.43569788525522,16.177053245944162,16.12662218054546,9.917463809165826,1,5.814050822642738,1
S191,58.05693436114547,12.95613533672368,20.42150202458384,11.820061053319368,1,6.217830482997651,1
S192,87.84598191485209,23.79664901682124,14.663898020327181,12.575289030132426,4,8.183297120281242,0
S193,78.21140616195306,12.594683362000513,17.594529424195144,16.613891892371733,4,8.173682459817291,0
S194,47.86683057142215,16.863742427777055,21.279127736570146,7.4715457194448165,1,7.404942254785277,1
S195,65.95805680460256,16.772405031873536,13.628025065873324,10.784354053979428,2,5.252949420366343,1
S196,68.66279659154267,13.161814242744038,21.761898951841594,14.86259024788114,2,8.314952649781581,1
S197,52.48081768843556,15.704532088968472,19.921448804293274,8.249254519637457,1,5.77730111231411,1
S198,65.70999510080547,9.395545694458788,22.20995981766859,8.975073816319084,2,5.921329942556785,1
S199,75.87313077669,22.620135096034506,20.895656536258645,15.541723548976744,5,8.265476085800195,0
S200,49.17712870265956,13.660391454228046,25.0,10.904059009364095,2,6.440341131257861,1
S201,80.36681040522424,15.386384897404803,20.50089801059163,15.051890297820677,3,7.86991300867499,0
S202,70.90000271119499,18.596036903347557,18.282377835498988,11.600671042832243,1,4.4208712476365895,1
S203,77.55890335048477,11.582625237828964,20.489190012129136,11.928123304263982,1,7.05707040548077,1
S204,77.18597616344502,8.766154814545763,22.17319211614555,12.996824644401503,2,6.985258429873192,1
S205,46.18471555854709,8.173483305904385,20.19544028130282,11.422091978089153,2,6.199352779214574,1
S206,51.79273074108218,16.824039805382558,20.16236676481553,9.957170277108279,1,4.509997963454027,1
S207,70.31669965691042,9.278282590014868,17.19203324877298,12.013290827706147,1,6.520167077599868,1
S208,70.30077087413066,20.0,17.34839632979621,14.774734353514233,1,6.709636231417498,1
S209,70.3168580004021,6.072282368465112,14.389578912801227,10.201574070639209,1,6.353392690443066,1
S210,85.0,20.0,25.0,8.307309064491056,1,4.766931578412903,1
S211,83.5633576603975,19.05508733601309,15.024547058434859,17.321242007860917,4,9.413680808780299,0
S212,92.03348460270898,17.516434440648037,17.22837920881637,13.638856508139206,3,6.733366166466753,0
S213,75.91352248453833,12.220323652764202,17.12637093772321,5.611493521468419,2,6.510018964043267,1
S214,72.05523845414892,15.996544457408284,23.579697507777766,12.406698773588449,2,4.147767733084246,1
S215,70.27096133039481,17.81182648787576,18.82020128683189,12.394015442138231,5,9.413826418437848,0
S216,86.38453830739901,23.516509410082605,24.990968290694937,13.728400153087518,4,6.940140081919132,0
S217,53.89647851464596,14.85691059464816,17.306037503024527,11.246955743780283,2,6.856339842440138,1
S218,60.73056276406488,15.001207045847512,21.11597664889521,10.9286242795029,2,7.960396440401984,1
S219,67.71954678256344,16.18193893893072,16.65861178696097,16.128355451417118,3,6.688434954340049,0
S220,64.79389527717561,14.172217505115732,25.0,9.520155666217851,1,7.790304586377468,1
S221,85.0,15.631207075568236,15.249606323881949,11.654488045896187,1,4.523768507583567,1
S222,39.94236879445521,7.559326429373498,21.23928284090811,9.916019975436187,1,7.345065590177018,1
S223,72.49981742727505,9.007258311577148,22.535107523728392,12.16232358199688,2,8.448021539841227,1
S224,43.18787264233194,17.37305637609086,21.655196389805994,11.88457683902937,2,6.123149805004528,1
S225,67.92102201315849,18.854327190639708,19.258849364489166,11.193683893866215,3,8.842657944358079,0
S226,91.33425895451049,17.080083318236603,19.480717201066295,17.257946348525095,5,9.70070718263254,0
S227,64.56957024346715,14.473735732261574,20.17524588791644,9.294082248493392,2,6.474770814901659,1
S228,50.00875408140135,15.790326821446683,19.411991993486044,12.318130046132577,1,6.38546945128215,1
S229,54.6298777069354,12.240961278762555,23.85551646717964,11.326396455153017,2,5.779842754501112,1
S230,72.41487129891712,11.28678109839075,25.0,14.635913272789027,1,6.199491432400055,1
S231,54.43782544560651,15.183381020390726,17.770032859968666,9.997201539663333,1,5.869411318505571,1
S232,78.24687884372962,13.10813611192484,14.520788081683689,12.952049611645407,5,6.421066681887328,0
S233,75.6835775985572,20.041263778572358,19.64687180659498,13.941741182336802,4,8.938602356053627,0
S234,55.442095568025834,7.589665583048639,25.0,9.817845488622881,1,5.89687989268868,1
S235,85.0,18.51662254930258,16.785301728121077,12.299869279369613,1,7.0292036678971925,1
S236,71.83246753455464,16.290389929652175,25.0,6.863301131017677,1,6.791292110033537,1
S237,37.929432020115506,15.424118937255503,25.0,8.129214556920704,1,8.367942127576812,1
S238,66.1272925133102,18.330763935782056,17.785647033168022,8.097443426446816,2,6.206591269380585,1
S239,65.07320302847418,25.0,22.275932316741102,16.85092277592073,5,7.957377655985186,0
S240,87.78650002194335,23.07185032509065,25.0,19.131840117745774,4,8.44928364273133,0
S241,53.64536058498307,7.036503074673419,18.483489036050052,10.26498925829069,1,8.358929575906227,1
S242,62.28711037129704,9.281692133057195,19.185678559590553,10.120151122822477,1,6.1908263873511125,1
S243,82.57480918470685,14.875907111521606,17.673276344205426,14.210156489339544,4,6.758529037521144,0
S244,74.78837872566903,14.504364200843336,15.940973077228533,13.114226180868428,2,5.603276461723143,1
S245,48.44622081003885,16.470636081876492,17.40288981973597,8.413455448071208,1,9.0,1
S246,69.98248146238578,14.371280934232672,15.104238932950974,14.715106948204355,3,9.161366925816465,0
S247,57.69444728269781,15.147067057908314,20.136333873036904,12.694194667010468,2,6.704422494142993,1
S248,65.20006151139432,14.223085338233387,16.920107075765433,15.503282509819536,4,9.817726981352468,0
S249,85.0,11.953928788032208,20.93514364716299,10.926558637347172,2,6.6399875340850905,1
S250,68.91351681475219,8.77335561260711,13.776417415185492,12.752353708276068,2,7.532363309148211,1
S251,47.67372958222818,10.707067015556383,21.32352092885783,4.417727340751716,1,6.760985653860538,1
S252,75.4527398249484,8.993261577534666,23.334115846435697,12.025219468944542,1,7.179629887890509,1
S253,85.0,10.49650698809067,12.025057429714177,9.028329712963297,2,7.06510235793623,1
S254,76.91393207202712,18.61456718643136,21.49622627939029,6.381075982072971,1,6.291015796753219,1
S255,44.37803293408633,10.60240444467223,24.91067596989317,11.650205848931206,1,7.929898421132181,1
S256,67.73648890700623,25.0,15.161435925235178,18.120975635488875,3,8.35914290122068,0
S257,94.00366723779933,20.466589504404446,25.0,13.587654456116924,3,8.733233512201775,0
S258,54.72721431336054,15.139344494779497,21.67607603746418,12.643967731206612,2,7.095845360339293,1
S259,81.65729142219342,13.708211099093933,17.179952576966365,18.836834773965936,5,6.412116141867439,0
S260,86.61951080144006,21.501549397044958,19.776923689369177,17.944743360752142,4,9.551263279869243,0
S261,51.93163648737944,12.097448695048906,22.23330765008689,14.189920191085633,2,6.46643926774718,1
S262,74.10711965907299,18.610049073226808,20.304021565649645,16.226382473215676,3,7.936880434282098,0
S263,34.0,20.0,22.155023969785475,10.669725687528583,1,7.436211867528051,1
S264,50.68905757298781,14.015760401101401,16.317305627682536,6.895576923231371,2,7.136015453515028,1
S265,60.5297560697372,18.997093305142705,20.67744329614431,9.946359401707616,2,7.738650382928697,1
S266,47.840764429948166,11.58729429949645,14.34514201238008,8.60269516053857,2,7.909248156101818,1
S267,99.48616955897452,17.82505754751519,19.555095754605198,20.0,4,7.230199796343302,0
S268,45.51569743100193,20.0,16.38436943414084,10.104256922027242,1,8.505504729312099,1
S269,58.139432794613455,11.89213176884893,17.057880229640933,10.777210815265093,1,6.461744161505834,1
S270,65.41694236039766,20.0,24.94437270084175,11.740842096091052,1,7.113688972791252,1
S271,82.12623443559298,17.2310077418219,24.365240482377075,10.59810550433802,2,6.331307561707431,1
S272,45.44275757246215,12.15013289642293,22.43655248362871,14.313864840969194,1,6.022648595537147,1
S273,78.58033783997574,16.929630956222084,15.630748941309683,9.099038936097482,2,7.8777263758941345,1
S274,75.1534959152938,22.86277224813365,18.73436620122079,14.583822365711729,5,10.0,0
S275,51.23576469913863,16.887239848868784,24.852390799916733,8.82944118217939,1,6.359299320614057,1
S276,69.64181929685671,8.119101120438174,20.56686765455962,7.529949349753412,1,8.062547300652325,1
S277,66.28801111856174,11.491451296700527,25.0,9.123519545463108,2,6.398015782283791,1
S278,65.99674684261808,16.762406822242475,21.573271357577486,13.888889608854765,3,7.487418027772795,0
S279,64.63997658362274,14.102266283599816,20.768196465960127,9.534069994836166,1,8.648190474010205,1
S280,58.83725164001256,16.882688390202713,18.763534143189993,8.942052795283825,2,5.59058189211867,1
S281,65.19734615195341,15.110804003733016,20.534163619129128,7.335785706738373,1,5.304788205887028,1
S282,72.19216610014335,9.058622565159595,19.390120654477826,10.313012461585437,1,6.655825459335799,1
S283,83.97171440585325,15.920791404023854,22.832434706754363,7.1143791584302445,2,7.466748510172688,1
S284,47.96785238995767,16.842342981135292,23.826809267178337,12.210125918301605,2,7.250759897415352,1
S285,100.0,20.7989522396552,16.8560421579682,14.24731925880351,5,7.932815010831595,0
S286,38.8608805560881,18.72312290221849,14.675068185768888,7.220509126203907,2,6.786862540032504,1
S287,61.81474003829631,17.735688618195617,12.655178507586815,9.804279576637807,1,7.599463229142633,1
S288,71.25104438267834,16.236720316913747,22.031965307650175,8.807648087421187,1,3.60323376259143,1
S289,79.2148780160255,17.649171442706766,15.586533575304506,14.957523531257541,5,6.599033633894711,0
S290,55.810581122287424,7.756156265936035,11.388437628190069,13.516013503552074,1,6.648898597973877,1
S291,61.09644130794474,16.118472876530344,21.554314418123855,6.280861943297074,2,7.51089758303071,1
S292,67.6049859801175,19.038438435815557,25.0,14.345078237442252,4,9.287718168082279,0
S293,66.15952864583683,19.357894185976868,19.975716353840426,13.519601613300079,5,6.437880350199432,0
S294,74.58242673701805,9.293005696718764,23.353963097806567,12.010515172013546,2,8.323644915579493,1
S295,80.35523228947571,12.594717297958688,20.32731743419026,14.639589884713068,4,6.956925996958365,0
S296,54.91540266042666,18.612611413331617,19.60444138723543,8.808069003587658,2,6.609697434380859,1
S297,75.21989841177394,14.24177938457338,23.676305931951074,9.78212864475011,1,7.377947120301423,1
S298,79.60949281314915,21.40750348686312,18.838901823245394,11.611922429589534,3,7.256116704831872,0
S299,87.1929317825844,18.141591880652307,21.06956925628761,17.228021415795794,5,8.83214112799958,0
S300,71.77776773452605,14.519024557982982,21.286791224784054,10.54795120951187,1,6.313027523277805,1
S301,53.18031361074358,18.15313522390399,17.327638185427805,14.777679042944268,2,6.32930220941724,1
S302,66.59728439704546,15.419776358913131,23.96816939814609,13.818017558556138,4,8.762375945051199,0
S303,86.20940407684893,18.480603884704916,19.300160973218365,11.874779699268611,4,6.58425073407881,0
S304,71.53222088427667,12.55089884517983,16.97701936202862,7.094142616621139,1,7.018843422941993,1
S305,63.48350467695711,12.662015090270739,22.146039374281614,6.442935728424123,2,4.95667871889067,1
S306,65.24592413718696,13.163311506125442,16.406128072835852,6.935694128237648,1,8.715210500226085,1
S307,94.16497343682637,19.110668858168566,20.112724629476514,14.80137995303445,4,8.94786232348413,0
S308,66.12642916746255,15.606256891682612,19.963524013423186,15.5261750696898,3,10.0,0
S309,70.72549160991798,19.423024502294084,24.34358226332631,6.942320920427699,1,8.195432829962096,1
S310,61.172043681467855,10.821570791121985,21.89879293151981,12.51383620667126,2,5.52997775203148,1
S311,71.7347819515917,17.065641779193204,19.899892165019423,12.550816844949681,4,8.30237983219271,0
S312,91.48165277980786,15.801344708629125,23.27106519680115,14.440379035956648,3,6.398389485333834,0
S313,87.38124523482045,25.0,25.0,18.836661884766272,5,9.393645008463718,0
S314,74.12224785900814,15.186219106046298,22.231241225407448,12.517888460697447,1,5.560768488984222,1
S315,80.3948547912177,18.52737815787454,20.04141047937352,9.895806042211877,1,5.508912725021019,1
S316,64.01779898081767,8.457758507852112,14.752655070599362,8.494817492815603,2,5.011403630007579,1
S317,72.44490038401078,15.468201063477037,15.73954534769851,5.658415347009064,2,6.222549793035959,1
S318,59.79409885343343,17.958523182493746,18.77910118258133,8.881905031704555,1,6.005363949233743,1
S319,67.88312099422764,14.729135957101697,17.561951191362866,10.024956962637688,2,5.387418965693594,1
S320,73.04785418448473,23.327401875326757,19.252114788058215,11.038461418546447,4,9.887770925092228,0
S321,76.45493947489078,15.413557749498139,20.22659969958843,13.606229098723086,3,8.135856835663974,0
S322,83.92735538155371,25.0,22.118771017426923,14.230555648876305,5,7.994681447828054,0
S323,53.317686288773224,20.0,19.718004887763634,9.994074040931823,1,8.466297572787761,1
S324,100.0,16.185807197801704,21.946006575304807,12.04999225752962,5,7.807509350451522,0
S325,50.9232783858788,12.617989914396913,20.25789765924048,10.879473011925137,2,5.94142538237445,1
S326,48.26909518695641,20.0,12.098133734584515,11.494366461531172,1,4.91377347808093,1
S327,92.37166310250102,25.0,16.242658424724983,10.728802767671462,3,6.533931129187915,0
S328,86.87494040944404,15.385699864233658,19.42364977711354,18.232797139238812,3,9.306498720610154,0
S329,71.70752766741498,12.71925273161657,15.16122102863557,10.278176702360412,1,5.3942369950589475,1
S330,71.76140524311957,13.27286156455797,22.399714919984817,10.542411651625908,2,7.131377417037707,1
S331,63.59385364620184,9.022197955862891,25.0,12.093482452327253,1,7.866639154532403,1
S332,52.31000676355564,10.725392214063207,24.875047406789268,11.024736295342878,1,7.058172427678712,1
S333,64.71650811697002,10.383436932991728,19.14622851627917,12.6445574263048,2,7.18090199509383,1
S334,55.11618817822057,11.328809739583486,25.0,11.146029371704104,2,7.4580522259033,1
S335,76.18277660107633,14.261260450452875,20.594669828808446,9.122015907059016,1,7.159623341568461,1
S336,72.79413927746792,19.171073662682602,18.651656115527842,15.084510575618305,3,9.430889006967938,0
S337,53.224910740895474,20.0,17.54638934583624,7.926616033528511,2,5.62648493351418,1
S338,70.1792123752051,13.008229796306045,18.790121254047488,14.32567911732957,3,7.788509852206543,0
S339,69.01487604201421,18.337289593906334,18.447292725835084,10.425232521049963,2,4.786300331283081,1
S340,56.56251195174932,13.544044623097964,20.681664889501953,10.031737071136785,1,4.51035411783854,1
S341,53.266689956528,14.20214516139027,20.64229592419946,10.210790599262406,1,6.661795286679857,1
S342,66.85701194652188,17.099277968666417,20.012184080613657,6.265839647630312,2,7.3368499344603375,1
S343,66.87332378163622,9.909111913750806,21.7477526789854,9.265368957582837,2,8.511121199416571,1
S344,67.39585236943306,19.912048730920255,24.762585099145365,14.278534703423345,5,10.0,0
S345,57.74426160336638,15.065808832852225,23.798216541765296,10.859676881994151,2,8.17544952431872,1
S346,78.48074906036454,20.462256320040744,14.060408126200386,10.916974577222126,4,8.372598893277635,0
S347,45.28692464590912,15.556674575631272,9.78431546039218,13.347842641945576,1,6.9227620442357205,1
S348,45.80483687669892,20.0,23.737279644957095,8.551106591517373,1,5.096273691761952,1
S349,54.58983617903144,11.849040062994737,14.532485206338315,12.681278701185157,1,6.592280465798859,1
S350,61.02854881567395,12.27601217999273,19.100938392429267,11.46118731421129,1,8.143606891358884,1
S351,79.66361348397007,14.884297367876178,15.319547895762561,12.061318070468591,3,8.577938227233648,0
S352,82.56079176610679,12.178091523358981,12.792078249679921,14.494449508371403,1,5.360759121582416,1
S353,74.68516019582574,11.85045149077393,22.165850912819153,7.814317128547921,1,7.413147699039159,1
S354,72.60092205054859,23.94508265553776,23.036620641210586,16.757462520830003,4,8.134071374241264,0
S355,63.50754334924071,20.0,17.693958397093123,12.7513102155967,1,7.127881329723917,1
S356,50.96775060086794,12.117014825002096,9.63583083142036,8.99110452957755,2,6.719916000192479,1
S357,74.72230296011415,13.838222134478857,17.81502220699007,18.177395900192987,5,8.298700760333032,0
S358,70.67012041619793,20.35707778193202,21.567216021610186,13.249860456203141,3,8.336775646694878,0
S359,67.86466164431064,12.191107822876114,14.084353724903485,11.149560665879678,2,6.057224533334082,1
S360,53.202805469707876,16.931727271022044,20.73343967911662,11.085724137235246,1,7.241415186292663,1
S361,82.79019771361759,19.0146151042565,19.93876060330802,13.597073775588356,3,7.272725831103344,0
S362,83.29242114078286,8.337023540011073,22.317165998404352,12.32431861460951,1,5.143787422834058,1
S363,73.36859777314713,25.0,20.478321473656614,16.38046616165664,5,6.8260715579542035,0
S364,68.8718244567615,20.0,16.10772423647378,6.565803060214093,1,5.061215139826941,1
S365,72.54933589431668,11.948845238062455,24.786286006657967,13.434765546475843,2,7.808501017875713,1
S366,58.63443898345558,12.849193760256064,19.36588170789212,6.759393026919732,1,7.134360527758665,1
S367,66.60717914308282,15.54346156289962,19.890781841960273,12.82322895976873,2,6.366070139897579,1
S368,75.18888601172692,19.672283949935125,16.266928163707217,17.38011541048275,3,9.204625611946378,0
S369,64.99537025649761,17.034177090691323,18.22687099523396,8.045325532015806,2,6.82343018018766,1
S370,53.8941252558428,20.0,16.460789143892395,9.575667852102184,2,5.204279423555776,1
S371,64.06250472180152,13.692211090023802,19.308215760306307,8.012164495906646,2,6.275363176601484,1
S372,70.09947821337948,11.206811021846185,25.0,10.016427681850345,2,8.513482522255156,1
S373,82.25208099938678,8.882723087941892,14.512395428274575,9.806922860582082,1,6.026966324903725,1
S374,75.98070303258639,11.476279840232325,13.545754408493035,12.254236197606014,1,7.047238991858456,1
S375,100.0,17.834365135631014,25.0,17.930926238358825,3,8.392651949417566,0
S376,53.96631857317737,20.0,19.162705291392534,13.640288574277402,2,7.387144363319337,1
S377,88.08480955081018,15.411943504819142,17.323709045360335,12.313495920265094,4,10.0,0
S378,77.75013008607527,19.118939758194493,24.159618749584304,13.372334378766416,5,6.088436091692078,0
S379,85.0,14.334308415708993,17.577537841052543,6.712264067502861,1,5.587419873024573,1
S380,53.44419686172182,19.153573093792335,25.0,8.686792350383575,2,5.497465197129697,1
S381,53.04354651219511,20.0,22.711703485357077,12.67091617446928,2,6.4304081053017645,1
S382,66.00911031833967,15.345656135398396,18.04835436741719,18.846748470644695,3,8.819252865818942,0
S383,36.67032951504996,12.442242229927112,25.0,7.722715038270175,1,5.635726653819768,1
S384,57.04662347357029,18.576643508276288,17.577140307986646,9.166955416905989,1,7.9524293464194535,1
S385,54.07105856519035,17.127565958505247,22.968381488037227,10.440587046842415,1,6.787936803521956,1
S386,77.25590679714311,25.0,21.19717032162597,14.84048347645882,5,6.169203968146892,0
S387,68.10738869115877,16.735712741303853,25.0,8.678392080176296,1,4.858520446906716,1
S388,85.0,12.962831636851764,25.0,11.454137350044203,1,5.100223866685928,1
S389,89.25635757279075,20.953274153461546,20.128016596263066,12.578481958787252,4,6.700975910119291,0
S390,66.34644516506395,23.543517902914537,16.986328518615267,13.956643187365163,5,7.297018589108015,0
S391,52.29521294030844,17.681928724789458,21.839888571756465,11.729139558008324,2,8.203748014868887,1
S392,70.02196943670795,16.42909612442919,17.289138520991575,10.51445010707461,1,7.613015269163298,1
S393,46.917026610486815,18.666698758356613,25.0,9.51813174631522,1,5.843943447753274,1
S394,85.0,19.07718236178269,20.54614132433095,10.25337794116688,1,7.191358506041942,1
S395,78.78786153919641,19.92863596415011,18.538713794751565,10.301183341787997,2,8.53366997072762,1
S396,57.76801043566501,16.994839550358574,20.738721223459635,9.667475182765212,1,8.773830814712438,1
S397,41.90753475409131,13.731527678732583,14.611494841881214,9.917708858999019,2,6.410441507522116,1
S398,81.01187277060902,14.986854745733291,16.113543845957395,14.096956133635613,1,7.784951504081403,1
S399,73.28190232121074,24.032544832541785,24.801655631777702,15.682758343823716,5,9.16794644026539,0
S400,79.53215797766164,11.132257316051057,17.372422884114417,9.83516928443439,1,5.1223623229673425,1
S401,43.421047350371815,15.874693235491605,15.81235606927224,12.068147410149155,2,6.196600345867528,1
S402,56.107968457339396,12.826644750690557,22.146611010109144,9.748906148048977,1,9.0,1
S403,75.07865549577275,18.143724114674086,24.742816618651986,17.519373912759924,3,7.138756667854915,0
S404,64.34900257050046,19.513807450429198,22.875813242660268,11.33169493244571,1,3.6,1
S405,58.011665238639644,15.164396272079614,23.984190743223266,10.258570175990485,2,6.61936124478234,1
S406,71.69133663743061,14.585746192624596,16.972819645722158,11.507363083073123,1,7.964595539045131,1
S407,50.137839525371916,8.960575436080324,14.312757333032625,6.965528657845877,2,6.757031271744967,1
S408,61.93466156597851,17.385014264108886,25.0,7.9647731949529375,2,7.522593062544685,1
S409,65.2837693043267,16.981936724564303,18.709280644631455,7.813668735602125,2,7.76327975746819,1
S410,70.30909513424905,20.0,18.99666793417981,10.821621963218341,2,6.366667552453135,1
S411,72.82308969563334,13.168887060187997,25.0,14.398158748841457,2,6.189055574672474,1
S412,49.41081332906717,15.276601310655757,22.22492003760264,15.0,1,6.915716254030613,1
S413,44.190044323120816,15.39753473484302,21.82355108832643,11.935614978241704,1,6.942001236764272,1
S414,94.16515232847763,25.0,25.0,15.50253342483337,5,7.564892183816365,0
S415,67.98700365273979,14.01881787045219,17.42592707847943,6.447620098156338,1,6.8527690444970615,1
S416,54.20679665890394,15.516086103081358,23.711360512324948,9.278983950598452,2,5.941570174609604,1
S417,98.26727963283784,21.039482548582697,20.228052499588337,11.636648744275284,3,8.400344292097138,0
S418,76.73511951439288,18.93304561578179,21.074369115453027,12.137457205246651,3,8.21907833653556,0
S419,78.78603909681378,12.614265541797888,25.0,10.121676408184225,2,5.307110964033706,1
S420,76.01277722115164,18.97044996449154,22.031343025158495,12.583728266908619,3,7.0330052194968395,0
S421,85.0,18.694526999439088,22.153184316198534,6.046575426654478,2,6.850526262342602,1
S422,85.0,10.293938802355761,24.29002934923921,12.18279807626445,2,6.172941957541732,1
S423,71.2655377728139,18.66484837073438,18.54018908182846,10.78177092278058,3,8.264846373105353,0
S424,89.57356426431534,14.499395925304134,16.643161330643974,14.717740592333449,3,7.419740953851434,0
S425,84.68063924377721,23.975233144624212,15.820763223915865,20.0,5,7.702887035346224,0
S426,81.20005235853745,8.3072523808649,12.134573642495994,8.431384668930548,1,6.3172339479182815,1
S427,51.447225877603664,12.164312610913647,25.0,4.806853073820758,1,4.597323670716536,1
S428,72.4971561149801,15.908847500258084,15.587166537113267,9.85649050076975,2,4.535623812712554,1
S429,90.87636730274382,25.0,19.11498550565691,17.302878904995712,5,8.207531456030432,0
S430,41.32607154810529,14.13699895570805,18.892746800444318,14.906281771996335,2,7.038265042608546,1
S431,48.663453963511365,12.179201893227209,21.229626791236402,7.733513412482061,1,7.223755182859172,1
S432,37.74978973355872,20.0,23.262948850157187,11.617573252282174,2,6.895230669427947,1
S433,60.315062860831894,8.607944398335025,23.44189395343898,9.45305147224488,2,6.981732795643396,1
S434,72.89866376139851,5.6047761735196735,17.667690245724245,10.261616202815695,2,7.796545243508291,1
S435,97.53535578144042,20.20007225026666,19.331513144854355,20.0,5,8.033543246881695,0
S436,64.69470845035212,12.391783102589557,21.1303198019532,7.118316761110906,1,7.874182098330602,1
S437,84.51484820603397,10.315068731477147,19.00523549526581,11.070914238362791,1,6.935178788524725,1
S438,46.15370640776013,17.233425789197412,25.0,11.552309636472225,2,6.4255877202386475,1
S439,42.031873898221775,15.375202855084797,21.963899806553005,12.94301923111353,1,6.959739091128746,1
S440,63.04176683906811,12.143685477053086,22.93951114419927,10.720462095309514,2,5.846927887993719,1
S441,68.64683447397617,9.278782405316424,22.65152507466965,11.19311371388423,2,6.339765316775138,1
S442,74.5095787785886,22.362286641400722,24.6938954299413,12.825054297734626,4,7.713085570368044,0
S443,37.39011322449157,17.000804711834643,20.724086234814827,11.105535617801491,1,6.9274637984530925,1
S444,73.66319940730817,17.504120681103085,14.812672208176615,12.970423173507768,3,7.372297343996414,0
S445,47.118013868563125,20.0,21.598751807010565,11.898536752176113,2,5.250760513011857,1
S446,72.28832499758299,10.11966093469539,17.394572424832685,9.668376743901824,2,7.4373223101343715,1
S447,68.42412763773481,8.297899316301045,17.885533273000974,11.34847588627992,1,7.650966679127514,1
S448,51.76653272432622,11.632367720475024,22.345456075020373,10.434158669208799,2,8.525185734872418,1
S449,67.2919962399496,17.77206991822251,24.953132285734544,17.378150752316504,5,8.030131195906478,0
S450,50.245027595915865,15.373357797290769,20.08508630694425,10.384364121925906,2,6.751578780926802,1
S451,62.95084150976706,13.43505576857468,21.235332050395854,6.510676946534517,2,5.655928129621039,1
S452,89.32713480751858,19.760276982571483,25.0,17.785764502141976,5,9.290421443233267,0
S453,51.18199290922181,9.393842303238225,20.963012717954275,8.462102323059108,1,7.017659615023946,1
S454,82.56069773276766,25.0,25.0,12.038700984053541,4,7.732047808590548,0
S455,67.04613572441339,17.589244108037157,22.262038582526177,12.213016117869524,3,7.1951325621853774,0
S456,53.64087138865511,18.86918332635251,12.956948963376728,13.592485709634339,2,6.406592868250349,1
S457,62.38536291057938,15.770901385510818,23.01336648441813,5.694733018547936,1,7.493328072774914,1
S458,50.55066038915298,16.227012876615134,21.52463353953111,15.0,2,5.646844127528722,1
S459,66.69526041979228,20.84883640116102,25.0,17.168170427198156,5,9.450518230990536,0
S460,48.47705686949219,16.19083424006926,22.692725405079834,11.002287556790609,2,8.270128574141442,1
S461,100.0,21.21361379933772,19.446176064064904,13.83531799815114,5,7.075126143759493,0
S462,75.52895327957593,24.645762650662157,15.102807054842536,14.85666222457297,5,6.463362520952349,0
S463,54.82849977309453,15.186084678805882,19.163906970855898,11.67252546385351,2,4.573577532576153,1
S464,66.47824386186133,17.23601503035405,16.5979181831628,11.951735068387627,2,5.398473017717035,1
S465,62.317817366441915,14.041057222851094,17.67790620078111,11.750110048507759,1,7.538304412313504,1
S466,71.68545600700166,25.0,22.35431361768244,14.268742043765746,5,7.878410230680784,0
S467,71.58062542555366,11.69443079176292,25.0,10.055988554308517,1,7.283145850530575,1
S468,73.40822330310313,20.0,21.578686119291923,10.159635111779599,2,4.756773993849905,1
S469,67.04248278584208,17.799210246778284,15.216467751859263,13.415275158941958,5,7.025021255876803,0
S470,56.408317431780326,8.676899591527809,21.77841067288056,13.050982717950896,2,8.22665463078465,1
S471,60.24309086131654,14.912417659643157,24.786525946582604,11.83550262513194,2,6.646290402255098,1
S472,34.40050514962129,11.675793370100477,17.56086838272247,3.88412557200537,2,5.375921686606096,1
S473,44.43131395696846,17.762574195954898,19.46393133330833,11.975776747191961,2,6.629469482689666,1
S474,95.50311401166786,14.736880103488046,20.058752778916787,14.584208584156325,4,6.5747790979617005,0
S475,99.67451570251926,15.769082833926102,16.86040674767104,13.943873730662308,3,7.900414871934476,0
S476,60.574790495656174,6.841837076217877,22.593121735375437,9.625833480550007,2,6.7721890091987325,1
S477,83.6483544458365,15.738468403754617,19.516207405568874,17.37233815995804,4,8.15195599689875,0
S478,67.71843947043008,4.704482693484174,21.67812977562811,12.63193453977643,2,5.434642483093679,1
S479,85.0,8.064388706057107,16.4500312887916,8.76102524739688,2,6.265386105841693,1
S480,91.79362367151865,21.802073280721487,18.25016679870636,15.221156861373606,3,8.808521209678931,0
S481,62.11905070862022,17.54320063460333,22.889525431311085,8.313772347282107,1,5.28737754120968,1
S482,51.56685938234457,16.10183024713986,18.508667391632933,7.395859129224906,1,5.666639022676824,1
S483,43.26780941671595,10.53209542748315,25.0,9.089886244672579,1,6.965241094791429,1
S484,78.05195453800835,17.7614432192901,18.401455257541592,16.587180417148275,5,7.84407580690055,0
S485,54.10652799762513,14.385589843637726,20.898738903007544,12.644531352096195,2,6.222042169837809,1
S486,45.61626520262965,9.766541243229831,23.73036332749236,11.654442195218909,2,6.449292486750043,1
S487,65.3014067363621,25.0,14.326537068267873,16.17528736054399,5,8.13987067386677,0
S488,49.96026295391646,17.909449162302685,12.956764752076896,11.661401146008656,2,7.667605801900656,1
S489,100.0,16.89517913085168,13.89737474171962,12.075555214331143,3,6.216934001652289,0
S490,88.22459635424175,18.134429194972654,25.0,15.295767634021821,3,7.93718342475354,0
S491,63.64834882321313,15.23353123179021,17.792567416430213,12.300921431762283,1,8.38297728000618,1
S492,82.61928777084783,6.233060526302838,25.0,12.197155492080544,2,6.624836573729977,1
S493,76.16052461471428,16.764113087397014,17.743009605370446,17.56674011442393,4,6.204193015453777,0
S494,52.76862643306464,11.672063008008806,20.73820521278815,12.093683656202392,1,5.533820738466607,1
S495,97.84686115904486,12.991899950525422,25.0,15.054344622624749,5,7.3071150704257635,0
S496,70.6211030569794,13.27559882845618,25.0,12.907838036211961,2,7.868715089257028,1
S497,50.52511153233768,20.0,25.0,10.440327166689615,1,6.705983682165649,1
S498,61.323181854434,16.96337144506804,24.83346492237257,8.515782034737637,1,6.954370538298402,1
S499,52.58586726934435,12.115284040868813,24.09625010324585,10.13309933112653,1,5.673950983252292,1
S500,46.11930343020472,16.690331125424635,22.37010779680473,8.82396904918549,2,7.8117670436146724,1
