student_id,attendance_pct,internal_test1,internal_test2,assignments_avg,participation,prev_sem_gpa,test_avg,risk_score,risk_label
S001,82.45071229516849,22.630887737658206,25.0,16.33508322849991,3,7.659908680633533,23.815443868829103,82.72674942322776,0
S002,72.92603548243223,25.0,23.698534731651076,12.3464428510144,3,5.4009359483877475,24.34926736582554,74.50607324734018,1
S003,84.71532807151038,11.007162130904295,20.238521479680696,11.545403349733078,3,8.430335275554507,15.622841805292495,68.32250464039052,1
S004,97.84544784612038,20.814846183452854,17.412252889177704,13.989876627767144,4,5.825599528496645,19.11354953631528,75.49884214703525,1
S005,71.48769937914996,14.746787154390866,22.79289325445436,13.489446132425215,5,4.811191456296303,18.769840204422614,71.8374939479656,0
S006,71.4879456457623,15.56437308117652,21.573941541687,12.640315852018174,5,7.147444019831047,18.56915731143176,74.9895824213807,1
S007,98.68819223261087,15.038030378805654,23.580772880110928,16.089162342370145,2,7.6735134039557815,19.309401629458293,75.514455494239,0
S008,86.51152093729362,13.68004615160092,22.540687206727878,16.865915625711533,5,8.08977007641833,18.1103666791644,81.93145114991121,0
S009,67.95788421097572,18.242608139724133,24.19821086127734,14.265220658875542,5,7.706418838819024,21.220409500500736,80.78174597311988,0
S010,83.13840065378947,13.84524941794481,17.859059153757727,18.432590243165784,3,6.2288248546587095,15.852154285851269,70.66769422039124,1
S011,68.04873460781306,19.352284128899193,25.0,10.574932657599485,3,8.355673417111925,22.176142064449596,74.41811896054224,0
S012,68.01405369644614,17.748809452754315,20.7903984187696,13.419021622160846,2,8.652166207775695,19.269603935761957,70.5212158189407,0
S013,78.62943407349051,16.80525976566795,25.0,11.849533038191584,1,6.053085445853354,20.902629882833978,65.46804133847807,1
S014,46.30079633013303,13.462181689792011,17.243248727641728,8.40039014878082,2,7.282792633608463,15.35271520871687,54.859399261168896,1
S015,49.12623251230451,15.116143347158337,25.0,13.751957942471902,2,7.170671967469176,20.058071673579168,66.64526745134587,1
S016,66.5656870613854,21.77695612912878,20.79164313385059,13.634757474850149,4,7.764457899345641,21.284299631489688,77.41589360412638,0
S017,59.80753319498364,20.504585938121902,17.394327985542205,18.540349229726395,4,7.254091449871069,18.949456961832055,76.60395158885753,0
S018,79.71370998892911,13.112223776007244,18.064456663782714,15.892435053664332,2,7.418546673512428,15.58834021989498,66.86370487571912,0
S019,61.37963886718184,18.49666152714613,18.71861076722272,10.927439527012385,2,8.27017863629003,18.607636147184426,65.70916261298424,1
S020,53.81544447997062,21.756935616858947,21.696663785607665,19.562277699002564,2,6.16337628047864,21.726799701233304,73.1208810309357,0
S021,96.98473153382331,9.652973594393142,22.091341952142,17.66310108657606,5,8.384847762312988,15.87215777326757,81.42328655832239,0
S022,71.61335549270197,20.716800961899676,17.705199984245684,15.746293110405848,4,8.869359277837502,19.21100047307268,79.0262209496757,0
S023,76.01292307031886,14.686881205270767,19.902581630956067,13.320547703450504,2,9.460961992186641,17.294731418113418,70.16444699096938,0
S024,53.62877720679815,20.852993342965796,25.0,11.121682289829561,3,4.927959211035169,22.926496671482898,67.80202465659701,1
S025,66.83425913212226,14.183704217287415,25.0,12.883379671786841,3,7.280518011461738,19.591852108643707,70.66903744018333,0
S026,76.66383884564799,8.975589496677404,21.74529467869613,17.26624585911256,5,5.141879310775693,15.360442087686767,71.64697807725722,1
S027,57.73509633866546,9.862287810584187,20.1520139126728,19.653758917803827,5,4.577923572272612,15.007150861628492,69.62185618427233,1
S028,80.63547027518509,18.24042473330691,20.480125306873045,18.629730584816567,1,7.672911657128974,19.36027502008998,72.54576037662254,0
S029,65.99041965121792,19.29861250860741,22.454071890921668,12.533451734641178,1,7.021017848579566,20.876342199764537,66.01853020745173,1
S030,70.62459375310085,13.478416874477958,15.908829739206379,10.641147700132967,1,7.859821142124896,14.693623306842168,57.57097167323133,1
S031,65.97440081655904,21.19296229388687,18.97049385030662,14.422658740733612,5,8.083353228104778,20.081728072096745,79.68453321538644,0
S032,100.0,9.6923996886552,13.325663704489642,8.694681903311444,5,8.997475149729505,11.509031696572421,68.5936746255577,1
S033,74.79754162893099,17.66960100676342,21.596892490421116,14.969503142554345,5,7.564704510366936,19.633246748592267,79.8325520929826,0
S034,59.13433606566149,11.944919001187717,22.588783758810965,13.557192241103994,3,10.0,17.26685137999934,71.74454605338526,0
S035,87.33817368154783,14.740819460989204,18.067254150802505,12.601890494395274,5,7.867691825982256,16.404036805895856,75.35270404763054,0
S036,56.68734525043467,18.23699335658207,25.0,9.215890798199613,3,9.710974853480653,21.618496678291034,73.24092000644477,1
S037,78.13295392507133,13.697933173580239,15.096937347990636,15.540800319709149,1,4.700594639370902,14.397435260785437,56.918710963646866,1
S038,45.60494814180336,16.077222278850872,14.14250047916072,12.401897481014267,1,9.11968743546075,15.109861379005796,58.520038242363,1
S039,55.07720926652354,23.0314640460722,20.897807274239888,10.490249492869136,1,7.283087412245328,21.964635660156045,64.69066653356181,1
S040,77.95291853803685,15.115540652384256,24.188393210448616,5.383213360155052,2,5.161983288687274,19.651966931416435,58.948702920341475,1
S041,86.07699869993115,22.17846056032571,25.0,13.91745528484809,2,8.004654131073744,23.589230280162855,78.5533586137209,0
S042,77.57052421784955,12.35146572671191,18.16446294852424,19.316754790009234,4,7.136453354418819,15.257964337618073,74.26203738563115,0
S043,73.2652757641764,20.649020889576413,24.314723333725183,18.98377764364361,4,8.196063898137771,22.481872111650798,85.66934934368908,0
S044,70.48344456616067,25.0,19.845966121997172,12.628711230241183,4,8.713291749061295,22.422983060998586,80.40654310262785,0
S045,52.82217014448859,5.6417774993635526,19.30949080023672,12.193363818914658,2,5.713019859886085,12.475634149800136,52.21748018075875,1
S046,64.20233687407936,14.015523722647616,23.534639749946688,15.40632276822507,2,8.71790277894619,18.775081736297153,71.18236035614473,0
S047,68.09041843560318,20.8853606359027,22.60929151365368,11.004843682435126,4,7.50777538106486,21.74732607477819,75.4671631287734,0
S048,90.85683339328374,16.984773069785035,13.694431372063002,14.905375699458398,4,9.123409409631927,15.339602220924018,75.84595894004032,1
S049,80.15427434352692,19.855729366856544,25.0,16.298240835154072,5,7.253822125202558,22.42786468342827,85.24302012923374,0
S050,48.554397669558995,14.980074066420897,25.0,17.680799671652924,4,6.935509328962294,19.99003703321045,75.17990549818107,0
S051,79.86125954092192,18.4329489373645,17.497749193961884,13.699537770560141,5,7.532464848826741,17.96534906566319,76.93869971167632,0
S052,69.22376579375525,17.221613823039604,21.583214133749635,13.388978749469102,3,7.622232847655823,19.40241397839462,71.80090334031665,0
S053,64.84616999541062,23.838910308299035,21.976120745130956,11.366052239730317,2,6.704658238209918,22.907515526714995,69.96311800236221,1
S054,84.17514433261302,19.272104216506065,21.04269506329563,11.519358937880419,4,6.9044343228536595,20.157399639900845,74.806580513252,0
S055,90.46499283743927,19.68801331037601,17.79877938461832,13.32056332429542,2,6.027749358583453,18.743396347497168,68.09404557495351,1
S056,88.96920178674299,15.940615169387662,17.313506528247792,15.102096520448534,2,6.978425892251766,16.627060848817727,68.1517093468984,1
S057,62.41173715166042,15.561968879637533,19.89778371603422,16.74075387869975,2,8.311572071997094,17.729876297835876,69.89617329054067,0
S058,70.36181436223178,15.837209060901895,24.690916077037457,11.590463147958966,3,7.335174991312627,20.264062568969678,71.06563592755457,1
S059,79.96895147105346,19.972260711891483,22.174400618377728,18.478065706878567,1,8.710878355256794,21.073330665134606,76.65108953939426,0
S060,89.63317690683539,15.895077595898686,18.517542671655576,13.186629196872294,4,7.277484638816311,17.20631013377713,73.49316998665044,1
S061,67.81238643232065,19.448874284482066,23.086794842593378,13.935898116954691,1,5.782178402732023,21.267834563537722,65.86964530219608,1
S062,72.21511535004274,25.0,8.605829517479698,11.75836496255653,1,8.216729865067899,16.80291475873985,62.478955625014464,1
S063,58.40497538990958,22.355623517158463,24.595062801488414,6.727279219181176,1,6.691652230759917,23.475343159323437,62.880716016644,1
S064,57.05690063878994,16.369882339160796,13.0411448848876,16.652136189083148,2,7.219959253483759,14.705513612024198,62.74675491719104,1
S065,87.18788733591298,24.006069610819722,18.550236234387473,16.2105316912773,5,8.985086456980941,21.278152922603596,87.60947858029226,0
S066,95.34360042856234,15.959623134892244,15.521320421495425,13.15601732864536,2,6.106955448334183,15.740471778193834,64.4473188233802,1
S067,73.91984817629499,7.809377324110731,14.821274097116376,14.200972151674616,2,7.6976925449572615,11.315325710613553,58.879569285395036,1
S068,90.05299346838036,12.95956844541298,24.64330714951408,15.547817653112299,1,7.45137797995705,18.801437797463528,69.8870057656445,1
S069,80.42454037571451,8.646040394870722,18.129195194752434,9.312362429340372,2,8.341110858524523,13.387617794811579,59.53273100887918,1
S070,65.32320368092314,16.24243257979346,21.38601552692286,12.412841967961116,1,8.526184038578426,18.81422405335816,65.55642019277116,1
S071,80.4209340826262,18.092091895947757,19.812317684483265,16.38279403886548,5,7.816606805098671,18.95220479021551,81.36451255363454,0
S072,98.07054849698955,25.0,21.908163308892487,10.237131730492251,4,7.06755042410352,23.45408165444624,80.63876369281047,0
S073,74.46260941335073,19.634636868820813,20.307287564241022,14.880673796499888,1,8.068047004831152,19.970962216530918,69.8980419352196,0
S074,98.4696548372101,16.90449735595568,14.868031103245722,9.930254586129784,5,9.102787076573474,15.886264229600702,75.98421803318348,0
S075,40.0,22.147027905917447,23.98506727778856,15.399289947300579,4,7.467252072432359,23.066047591853003,77.3155232152171,0
S076,87.32853756562835,6.944323454960575,18.02497366735475,13.893075553107549,3,7.179292662692368,12.484648561157663,64.03038397789805,1
S077,76.30570602357257,19.178072790542828,13.773672405360996,9.154604552283471,1,7.965804309201588,16.475872597951913,59.78564723796889,1
S078,70.51488974301199,21.854325969434832,18.28753935613635,17.494218063371513,1,7.546472424443534,20.07093266278559,70.90267421946564,1
S079,76.37641164803253,10.607068771100792,25.0,11.796225269605852,3,5.894748691298641,17.803534385550396,65.95693753289994,0
S080,45.18646628098661,23.718770216034645,23.40088696845397,11.569242688956857,3,7.787196960476978,23.55982859224431,73.08153140108966,1
S081,71.70492168243732,19.69248203747207,18.605391462368562,14.60170759169283,1,5.883885109483483,19.148936749920317,64.1456879850203,1
S082,80.35668857267619,15.923560430495993,18.602969182726284,17.445912048286147,3,7.949376775690134,17.26326480661114,74.51923676139448,1
S083,97.16841067112274,21.163909330531425,18.71345979513047,10.95253454306481,2,6.543428730712119,19.938684562830947,69.5507360684739,0
S084,67.22594672589528,25.0,25.0,14.185039549543914,4,7.544249765023615,25.0,82.95781771325737,0
S085,62.87259595660218,18.909331275292477,21.527741808926212,15.286449500991719,4,7.9687126874390835,20.218536542109344,77.21834344284466,0
S086,67.47364434623195,19.24110293150168,21.72016658876428,16.079316821789433,4,10.0,20.48063476013298,82.60980940267446,0
S087,88.73103176553111,15.70319550229878,24.12113381612737,14.529324665831675,2,8.391299954144309,19.912164659213076,74.87659367314944,1
S088,79.93126664489526,13.750778152676041,20.955156636106054,12.898916482750034,3,9.137758571690801,17.352967394391047,72.63564064172692,1
S089,67.05359694349441,22.151679082721227,18.963831416717188,11.517229338053841,5,9.746097382432708,20.557755249719207,80.89915282431221,0
S090,82.69901149670034,13.719580870455664,19.214600603660088,14.258431649139125,3,8.087107100399333,16.467090737057877,71.07985353584539,1
S091,76.4561632402206,18.357831186096963,19.713594962343745,10.78358296404318,1,7.842827760320639,19.035713074220354,64.7376043167242,1
S092,89.52967485799334,15.611712766174417,19.851111053960633,5.235948549516177,4,6.219934669408541,17.731411910067525,65.17562373011624,1
S093,64.46920359183972,20.39489912873196,22.91051817454792,15.309679412473002,3,7.3600440811195265,21.65270865163994,75.63237977845992,1
S094,70.08506780103347,19.66831052643474,20.207783543229198,16.711804523258586,5,6.632294724436965,19.938047034831968,79.50145179722199,0
S095,69.11837770301764,23.187699721289498,22.93056030886232,6.911202693374484,1,7.018729379850736,23.059130015075908,64.53551540790015,1
S096,53.04727577801822,15.449918005726264,19.67713367956567,10.970807885870187,2,9.744796051430962,17.563525842645966,65.73245581219165,1
S097,79.44180415596864,16.650625323533145,20.31454076126436,15.857462783015594,2,7.637545811039987,18.48258304239875,71.35607112747583,1
S098,78.91582908269834,13.106181421088463,12.00719726187157,20.0,5,6.44892050674067,12.556689341480016,72.73790563544219,0
S099,75.07670184963692,15.778533699619441,23.665310698809925,14.062381123026224,1,9.149440145629566,19.72192219921468,70.83544149867514,0
S100,71.4811929993728,19.88650246522426,21.38595390359197,11.815991176312597,4,8.646330571484938,20.636228184408118,77.1213226928141,0
S101,53.769438869243785,21.78494308322676,23.992040439438608,13.45131067668548,3,8.709184191120476,22.888491761332684,76.66986073104698,1
S102,68.69032015851961,13.389173379111874,8.414978487225243,18.124629257444553,1,5.092643756277127,10.902075933168557,53.5945592589544,1
S103,69.85928225209845,22.3480296005283,25.0,12.062107462626393,2,9.838405149265782,23.67401480026415,78.03590681271632,0
S104,62.96584096167572,24.778189294024756,19.441641487379304,11.602423980049238,5,6.829782309487335,22.109915390702028,77.38928563636703,0
S105,72.58071432500986,20.067174516118506,24.432731266950064,12.551769433453902,5,8.433545727351307,22.249952891534285,82.67820696865162,0
S106,81.06076285221808,25.0,15.840376291497876,11.140014175223863,3,10.0,20.420188145748938,77.17959048689048,0
S107,100.0,14.131054004482134,22.45109562025028,14.368010947984386,5,10.0,18.291074812366205,85.27035758299328,0
S108,77.61866719247759,11.776726483442914,15.786337747305375,18.87403537540868,5,6.326925449432776,13.781532115374144,73.08711729993244,1
S109,78.86325586084146,9.106398755478606,17.50492415721678,14.969237819348088,1,5.766579195597273,13.305661456347693,56.85316490714685,1
S110,73.8833112635075,25.0,25.0,13.242939493621137,4,9.216415918617514,25.0,86.05185777466158,0
S111,46.21843177051438,21.27182828177029,19.237270396946613,13.124566193253369,3,7.6704669739127995,20.25454933935845,69.65608162351926,1
S112,74.60229186826174,17.722076645447725,20.86973149271889,9.31042757391003,1,6.898942270437504,19.295904069083306,61.827903624343136,1
S113,75.90345314911539,19.399843131599102,23.480270922755018,16.64932933144148,4,8.245462256326856,21.440057027177062,82.52639401969678,0
S114,100.0,12.372554763508116,21.98272755189042,13.766488408961594,1,7.3045445070486705,17.17764115769927,67.07382294784,0
S115,72.11458552828316,25.0,20.601675620574305,13.458560259228124,1,8.341588964458492,22.800837810287153,72.85681279010375,1
S116,79.52321013500419,18.646105909876137,21.459844009864902,20.0,5,7.580378169382479,20.052974959870518,85.65421406600261,0
S117,74.47932345442135,18.546973973024464,25.0,14.89625872509706,4,8.366865513993801,21.773486986512232,81.4479173219728,0
S118,57.46982943570702,21.62883311949346,19.769524811865658,11.744626849714447,3,6.426560773036334,20.699178965679558,68.39056738778595,0
S119,92.14234221772531,20.405046158683568,20.80439618685987,12.72092721138337,3,9.209354415759162,20.60472117277172,78.99639883788434,1
S120,86.27899549030161,19.119420121395656,24.20261758403045,17.445337127590264,4,8.337148044878926,21.661018852713052,85.17859641216232,0
S121,86.8654792056457,14.047627722773441,24.422103731831935,14.339811231613293,5,8.275556843284287,19.23486572730269,81.66120616246995,0
S122,61.35918817807892,20.357341785679978,24.748121222241522,9.6851660650479,2,6.158796087585607,22.55273150396075,66.46870212683173,1
S123,96.04191466404149,25.0,22.55492088811674,16.757686803725612,1,9.539558899973096,23.77746044405837,82.73853523571448,0
S124,53.97223405811579,24.727100230774887,15.427980349078066,11.995567743383019,5,7.483540680760478,20.077540289926475,74.73415498004391,1
S125,83.80285640700406,25.0,25.0,19.619893328652637,4,8.37365863491581,25.0,91.6628894356164,0
S126,100.0,15.443921617844074,15.414618427925248,17.240144197143945,1,7.11261064350407,15.429270022884662,67.33697776869079,1
S127,60.14195512303968,13.051975898707095,21.210541860956134,12.658034313023746,3,7.813066877618517,17.131258879831613,66.94463776561777,0
S128,66.50553405595842,17.37106539950176,16.98289659992257,17.843049085205337,2,7.856552822543285,17.176980999712164,69.84616666468241,1
S129,76.49477047631461,18.278624561443472,19.74344661362803,14.20356653158221,3,4.116082881595895,19.01103558753575,66.67731817803212,1
S130,67.44786518825701,23.470957592354743,21.31504964121392,16.55832102536666,4,8.198937749585797,22.393003616784334,82.54920320660983,0
S131,51.74004853400801,9.537676851425903,21.285428861801094,15.454198451883425,1,9.858409754066502,15.411552856613499,63.890159072299355,1
S132,76.0284446220904,25.0,21.68768301694114,11.46093003502738,4,8.147736310790348,23.343841508470568,80.43987641023753,0
S133,59.06544429410843,17.209960507105052,25.0,12.069350503047614,1,6.350750101332315,21.104980253552526,63.754099401431844,1
S134,82.10388645952773,15.8655946502629,21.814137206055918,17.089882452743485,5,8.279953879384664,18.83986592815941,82.90876223124496,0
S135,61.20863648649295,12.939478123699162,19.023373458837405,12.995674003680378,2,8.771376636208007,15.981425791268283,64.66704679602209,1
S136,98.24901607526309,9.725716640671154,23.85634867315343,12.78905461027401,5,8.114959819428464,16.791032656912293,78.05102610070837,0
S137,63.251200614956446,22.115852919809573,24.75788195569856,11.134632261951941,5,7.411047472283947,23.436867437754067,79.9653116823276,0
S138,70.16907725691486,18.36658983594202,15.08956873945203,15.270797196780382,4,7.209420929011284,16.728079287697025,71.83278013957445,1
S139,87.20275826054504,11.55019550129473,22.38960027939943,20.0,2,7.204428293559832,16.96989789034708,73.2130100469838,0
S140,56.53703525349067,11.52460613968192,22.804690969243595,10.797401257237182,1,8.337332281213454,17.164648554462758,60.15713809161275,1
S141,78.41189901906193,16.32107650354936,18.80974598656003,14.072658370018274,1,5.811451205928446,17.565411245054698,62.19786275923508,1
S142,94.60714131423643,25.0,25.0,18.236661666246288,3,7.053752206973512,25.0,86.75474925616709,0
S143,50.88775148158159,16.702043243181976,19.399777651869893,13.761075826262855,1,9.414731787613139,18.050910447525936,65.24908171319898,1
S144,77.76950787798457,10.48428523440947,20.50230581388617,15.357115388749202,4,9.461034319892612,15.49329552414782,75.24934228337167,0
S145,78.89824191372635,16.77128467957028,19.30771270286452,10.81281941555936,5,5.726223494638005,18.0394986912174,71.06137174762658,1
S146,86.72734307665965,16.636382151261646,20.06231619032587,15.284921291622945,5,6.142303666483669,18.349349170793758,77.3774665988066,0
S147,56.44573933682877,4.515566785292142,15.614899652419194,13.438567204986354,5,7.175255304566476,10.065233218855667,61.406509375015574,1
S148,55.193150803735854,17.72852566741094,14.239796469622823,16.957189987039587,2,8.571107420537222,15.98416106851688,67.03369739648997,1
S149,82.82912348425347,16.84532734895661,25.0,17.562158154694252,1,5.307030775136411,20.922663674478304,69.88331071351462,1
S150,79.45477009849779,21.48103182406709,16.61215460672669,20.0,4,7.434229638099026,19.04659321539689,81.13237539253946,0
S151,78.75739275518815,25.0,16.034430602174773,15.738899519640727,2,6.930985012104426,20.517215301087386,72.8116076087568,1
S152,80.19672314245463,23.632825147738785,11.38643954558514,14.9773889497465,3,9.09115760914228,17.509632346661963,74.68514557036482,0
S153,64.79962917632264,16.655556547225846,17.44415300924199,14.583152904732009,4,5.487709831236895,17.049854778233918,67.82645427582723,0
S154,78.48380545741506,12.467370456291649,14.707640826370007,12.940501121567936,4,7.611048738592347,13.587505641330829,67.10007962643186,1
S155,79.39608709948021,25.0,25.0,15.015451530385073,4,7.027668675181688,25.0,84.47916218660083,0
S156,64.28472872960448,18.29609217007244,24.03926835737054,13.11379576958291,5,9.263758711532745,21.16768026372149,81.95850347528713,0
S157,100.0,18.06964645956473,17.247398619289104,14.505382928808842,4,8.2171831756239,17.65852253942692,78.47404680882573,0
S158,82.10749381367681,17.879374564449982,25.0,17.952792606823877,1,6.797021208890718,21.43968728222499,73.56035034246354,1
S159,57.13044754196027,18.990423803839274,23.927061947966376,10.980372304161076,4,8.524063731994898,21.458742875902825,75.3245021885103,0
S160,84.84830412950744,17.278197940380288,18.70067446596551,17.419635683387135,5,7.0334053760297115,17.9894362031729,80.12135250260192,0
S161,60.379774946590175,15.131689965598818,10.002377140505708,17.951345202019596,4,8.699195653487704,12.567033553052262,69.5644596670134,1
S162,86.80626905613678,15.265705293798039,25.0,13.645794419026764,3,7.215507610937306,20.132852646899018,74.81331415620497,0
S163,92.37893368511106,17.836233648920008,14.441710132945616,7.634435302974216,3,8.765599894522516,16.13897189093281,67.22224182167612,0
S164,62.68976522472434,15.282876144331176,13.418405012172432,12.176534038716703,5,8.0232983461527,14.350640578251804,68.8423072220639,1
S165,89.45064193866483,14.435771086614178,24.090281728038562,17.890983639683327,1,10.0,19.26302640732637,77.16373317367804,0
S166,81.19171390404748,18.532151138459483,25.0,13.931395813103354,1,7.436524793500794,21.76607556922974,71.43398962635192,0
S167,87.33090239991735,16.725113912895722,25.0,11.002093303115267,2,7.959434749945738,20.86255695644786,72.09727487597944,1
S168,100.0,25.0,22.25563648020944,12.485675236315348,5,6.924690309940883,23.62781824010472,85.7256085363282,0
S169,71.31917825995694,4.745150958034941,22.379017366661145,16.521860079513658,4,7.503222408905734,13.562084162348043,69.08956055776775,1
S170,63.693957534637654,23.45753425961231,23.41366223512123,15.640200704604137,5,4.257797839020672,23.43559824736677,78.40463227543835,0
S171,61.65728355561715,24.230425962488145,23.03571435914706,13.283203702490917,2,8.05870081984924,23.633070160817603,74.7241855373342,0
S172,62.762845725518424,7.633048837959253,21.124765695877503,12.899526764555937,5,9.111449055539294,14.378907266918379,71.50260725400612,1
S173,73.84347435878844,16.286562029598258,20.416804415807505,12.824725552868534,5,7.975956005519225,18.35168322270288,76.66348405843881,0
S174,80.11727962224965,16.142795670021044,19.74962748840191,11.232769446504491,2,5.923366250427147,17.94621157921148,63.430515573802396,0
S175,79.15036198995028,10.962441526410894,16.984141644533295,18.846127068408325,1,6.537855416749199,13.973291585472094,62.732244673388905,1
S176,87.40774873554035,14.110916562045624,18.877299692532905,13.03303859236598,4,4.583769447412475,16.494108127289266,67.16912026474402,1
S177,75.1950283781686,12.447120772670857,13.228172743218458,17.651475562476488,2,8.67470880823851,12.837646757944658,66.11431916544207,1
S178,96.80301115735975,25.0,19.606641492821,18.563948155767356,3,6.292184048748504,22.3033207464105,82.10268806479941,0
S179,71.03014750143066,22.678391965737305,16.045635571396332,16.994932694443882,1,7.465549691745326,19.36201376856682,69.3589493470776,0
S180,100.0,24.357775474970794,15.585642731136916,12.705139061845856,3,7.315514913207336,19.971709103053854,75.76181310783203,0
S181,84.3850102164751,21.608360320216175,20.719576604613913,15.211190271009828,1,9.28527244278992,21.163968462415042,75.49357765711488,0
S182,62.14263665375576,12.354741143913854,25.0,13.927413180827251,4,7.602337581558886,18.677370571956928,73.0142622646943,1
S183,58.93661252908332,15.377398668601131,23.673266424009253,11.288894417809615,4,8.470671504127212,19.525332546305194,72.97481830420877,0
S184,82.23708622864778,20.44687280613959,13.717997585507291,14.97307784516481,5,8.155756516977196,17.082435195823443,78.26803054520371,0
S185,71.64805822011223,11.889360955540273,16.04148745371865,10.462880626520592,3,9.131293703953679,13.96542420462946,64.39386023646728,1
S186,85.71000741138138,21.56499215086194,23.763084751952864,17.56303816538469,1,7.21305156659645,22.6640384514074,76.22584357633988,0
S187,82.09856436860318,16.798373009209325,16.070050425846762,12.60614810810482,4,9.74353839660542,16.434211717528044,75.24296629602891,1
S188,73.9075663101469,16.125895962252013,19.101467400011902,14.603478967618518,2,5.117205412320822,17.613681681131958,63.66486171728473,1
S189,62.29809422897392,21.554799841017456,22.20020839609821,14.849863614638426,4,8.528968197601483,21.87750411855783,80.14235913163688,0
S190,52.27729162971203,20.2213165574302,16.12662218054546,13.223285078887768,2,6.460056469603042,18.17396936898783,62.618394935786625,1
S191,68.30227571899468,16.1951691709046,20.42150202458384,15.760081404425824,1,6.908700536664057,18.308335597744218,65.34605609138949,1
S192,87.84598191485209,23.79664901682124,14.663898020327181,12.575289030132426,4,8.183297120281242,19.23027351857421,77.23772627845158,0
S193,78.21140616195306,12.594683362000513,17.594529424195144,16.613891892371733,4,8.173682459817291,15.094606393097829,73.55096119953998,1
S194,56.31391831932018,21.07967803472132,21.279127736570146,9.962060959259755,1,8.227713616428085,21.179402885645732,64.958028092939,1
S195,77.59771388776772,20.96550628984192,13.628025065873324,14.379138738639236,4,5.836610467073714,17.29676567785762,70.41814622591045,1
S196,80.77976069593255,16.452267803430047,21.761898951841594,19.816786997174855,2,9.23883627753509,19.10708337763582,78.88838015824668,0
S197,61.74213845698301,19.63066511121059,19.921448804293274,10.999006026183276,4,6.419223458126789,19.776056957751933,69.77512905133358,1
S198,77.30587658918292,11.744432118073485,22.20995981766859,11.966765088425445,3,6.579255491729761,16.977195967871037,66.28273338091638,0
S199,75.87313077669,22.620135096034506,20.895656536258645,15.541723548976744,5,8.265476085800195,21.757895816146576,84.81901643250708,0
S200,57.85544553254066,17.075489317785056,25.0,14.538745345818795,2,7.1559345902865115,21.037744658892528,69.95966775711358,1
S201,80.36681040522424,15.386384897404803,20.50089801059163,15.051890297820677,3,7.86991300867499,17.943641453998218,73.20274183414242,1
S202,83.41176789552351,23.245046129184445,18.282377835498988,15.46756139044299,1,4.912079164040655,20.763711982341718,67.13994050661722,1
S203,91.24576864762915,14.478281547286205,20.489190012129136,15.904164405685309,2,7.841189339423078,17.483735779707672,71.97887590952544,1
S204,90.80703078052355,10.957693518182202,22.17319211614555,17.32909952586867,5,7.761398255414658,16.565442817163877,80.13392839901748,0
S205,54.33495948064363,10.216854132380481,20.19544028130282,15.229455970785537,5,6.88816975468286,15.20614720684165,69.6089622372782,1
S206,60.93262440127316,21.030049756728197,20.16236676481553,13.276227036144373,1,5.011108848282253,20.596208260771864,61.95770757112772,1
S207,82.7255290081299,11.597853237518585,17.19203324877298,16.017721103608196,1,7.244630086222075,14.394943243145782,62.566575479715226,1
S208,82.70678926368313,25.0,17.34839632979621,19.699645804685645,2,7.455151368241665,21.174198164898105,78.81874954142098,0
S209,82.72571529459071,7.59035296058139,14.389578912801227,13.602098760852279,4,7.059325211603406,10.98996593669131,63.555825355731365,1
S210,100.0,25.0,25.0,11.076412085988075,1,5.296590642681003,25.0,72.30263403421507,0
S211,83.5633576603975,19.05508733601309,15.024547058434859,17.321242007860917,4,9.413680808780299,17.039817197223975,79.96995009933754,0
S212,92.03348460270898,17.516434440648037,17.22837920881637,13.638856508139206,3,6.733366166466753,17.372406824732202,70.69598362895907,1
S213,89.31002645239803,15.275404565955252,17.12637093772321,7.481991361957892,5,7.233354404492519,16.200887751839232,69.58651221983285,1
S214,84.77086876958697,19.995680571760353,23.579697507777766,16.542265031451265,4,4.608630814538051,21.78768903976906,77.62576783948425,0
S215,70.27096133039481,17.81182648787576,18.82020128683189,12.394015442138231,5,9.413826418437848,18.316013887353826,78.31249603515731,0
S216,86.38453830739901,23.516509410082605,24.990968290694937,13.728400153087518,4,6.940140081919132,24.25373885038877,83.0670315928289,0
S217,63.40762178193643,18.571138243310198,17.306037503024527,14.995940991707045,3,7.618155380489043,17.938587873167364,70.31766016424872,1
S218,71.44772089889986,18.75150880730939,21.11597664889521,14.5714990393372,1,8.844884933779982,19.9337427281023,70.54241247052074,0
S219,67.71954678256344,16.18193893893072,16.65861178696097,16.128355451417118,3,6.688434954340049,16.420275362945844,68.0806358962884,1
S220,76.22811209079484,17.715271881394663,25.0,12.69354088829047,1,8.655893984863853,21.35763594069733,71.2317274195318,1
S221,100.0,19.539008844460295,15.249606323881949,15.539317394528249,1,5.02640945287063,17.394307584171123,64.88072559144898,0
S222,46.99102211112378,9.449158036716872,21.23928284090811,13.22135996724825,5,8.161183989085576,15.344220438812492,69.26377567832478,1
S223,85.2939028556177,11.259072889471435,22.535107523728392,16.216431442662508,3,9.386690599823584,16.897090206599913,76.16378767536905,1
S224,50.80926193215522,21.716320470113576,21.655196389805994,15.84610245203916,4,6.803499783338364,21.685758429959783,76.04858062648813,0
S225,67.92102201315849,18.854327190639708,19.258849364489166,11.193683893866215,3,8.842657944358079,19.056588277564437,71.34153000585911,1
S226,91.33425895451049,17.080083318236603,19.480717201066295,17.257946348525095,5,9.70070718263254,18.28040025965145,86.10399726994072,0
S227,75.96420028643195,18.092169665326967,20.17524588791644,12.392109664657855,1,7.194189794335177,19.133707776621705,65.08996756643113,0
S228,58.83382833106041,19.737908526808354,19.411991993486044,16.424173394843436,5,7.094966056980167,19.574950260147197,77.97735929888383,1
S229,64.27044436110047,15.301201598453193,23.85551646717964,15.101861940204023,2,6.422047505001236,19.578359032816415,67.94206047299556,1
S230,85.19396623402014,14.108476372988436,25.0,19.51455103038537,2,6.8883238137778395,19.554238186494217,75.64733705346144,0
S231,64.04450052424295,18.979226275488408,17.770032859968666,13.329602052884443,4,6.521568131672856,18.374629567728537,70.36116113553024,0
S232,78.24687884372962,13.10813611192484,14.520788081683689,12.952049611645407,5,6.421066681887328,13.814462096804263,68.06215313539835,1
S233,75.6835775985572,20.041263778572358,19.64687180659498,13.941741182336802,4,8.938602356053627,19.84406779258367,79.00820979011813,1
S234,65.22599478591275,9.487081978810798,25.0,13.090460651497175,4,6.552088769654088,17.2435409894054,68.73751266649637,0
S235,100.0,23.14577818662822,16.785301728121077,16.39982570582615,2,7.810226297663547,19.96553995737465,77.16862800965741,0
S236,84.50878533477017,20.362987412065216,25.0,9.151068174690236,4,7.545880122259486,22.681493706032608,77.51112646084307,0
S237,44.622861200135894,19.28014867156938,25.0,10.838952742560938,2,9.297713475085347,22.14007433578469,70.21984933500745,0
S238,77.79681472154141,22.91345491972757,17.785647033168022,10.79659123526242,1,6.896212521533983,20.349550976447794,65.12502211759798,1
S239,65.07320302847418,25.0,22.275932316741102,16.85092277592073,5,7.957377655985186,23.637966158370553,86.63802997114198,0
S240,87.78650002194335,23.07185032509065,25.0,19.131840117745774,4,8.44928364273133,24.035925162545325,90.52920890002493,0
S241,63.11218892350949,8.795628843341774,18.483489036050052,13.686652344387586,2,9.287699528784698,13.639558939695913,63.11251758421472,1
S242,73.27895337799652,11.602115166321493,19.185678559590553,13.493534830429969,3,6.87869598594568,15.393896862956023,65.35209907766537,1
S243,82.57480918470685,14.875907111521606,17.673276344205426,14.210156489339544,4,6.758529037521144,16.274591727863516,71.15037848192607,0
S244,87.98632791255181,18.13045525105417,15.940973077228533,17.485634907824572,1,6.2258627352479365,17.03571416414135,66.59313864460921,1
S245,56.99555389416336,20.588295102345615,17.40288981973597,11.217940597428278,1,10.0,18.995592461040793,66.22917722676706,1
S246,69.98248146238578,14.371280934232672,15.104238932950974,14.715106948204355,3,9.161366925816465,14.737759933591823,69.15397842895979,1
S247,67.87582033258566,18.93383382238539,20.136333873036904,16.92559288934729,2,7.449358326825548,19.53508384771115,71.87501417596461,0
S248,65.20006151139432,14.223085338233387,16.920107075765433,15.503282509819536,4,9.817726981352468,15.57159620699941,74.37596997494637,0
S249,100.0,14.942410985040258,20.93514364716299,14.56874484979623,2,7.377763926761212,17.938777316101625,71.82368476817312,1
S250,81.07472566441433,10.966694515758888,13.776417415185492,17.003138277701424,1,8.369292565720235,12.37155596547219,62.33305325152566,1
S251,56.08674068497432,13.383833769445479,21.32352092885783,5.8903031210022885,2,7.512206282067265,17.353677349151653,57.26468319529793,1
S252,88.76792920582164,11.241576971918331,23.334115846435697,16.033625958592722,1,7.977366542100565,17.287846409177014,68.9115320565444,0
S253,100.0,13.120633735113337,12.025057429714177,12.037772950617729,2,7.850113731040256,12.572845582413757,62.66909801010423,1
S254,90.4869789082672,23.268208983039198,21.49622627939029,8.508101309430629,3,6.9900175519480205,22.382217631214743,73.53789320810064,0
S255,52.2094505106898,13.253005555840286,24.91067596989317,15.533607798574941,5,8.810998245702423,19.081840762866726,78.62721763100647,0
S256,67.73648890700623,25.0,15.161435925235178,18.120975635488875,3,8.35914290122068,20.08071796261759,78.1546776072874,0
S257,94.00366723779933,20.466589504404446,25.0,13.587654456116924,3,8.733233512201775,22.733294752202223,82.24516718893153,0
S258,64.38495801571828,18.92418061847437,21.67607603746418,16.858623641608816,5,7.884272622599215,20.300128327969276,81.61053091260284,0
S259,81.65729142219342,13.708211099093933,17.179952576966365,18.836834773965936,5,6.412116141867439,15.444081838030149,76.16645899780123,0
S260,86.61951080144006,21.501549397044958,19.776923689369177,17.944743360752142,4,9.551263279869243,20.63923654320707,86.38977506286135,0
S261,61.09604292632876,15.121810868811131,22.23330765008689,18.919893588114178,4,7.184932519719089,18.677559259449012,76.60991410808971,0
S262,74.10711965907299,18.610049073226808,20.304021565649645,16.226382473215676,3,7.936880434282098,19.457035319438226,75.68325661986314,0
S263,40.0,25.0,22.155023969785475,14.226300916704778,3,8.262457630586724,23.577511984892737,75.62771181833595,1
S264,59.63418537998565,17.51970050137675,16.317305627682536,9.194102564308494,1,7.928906059461142,16.918503064529645,58.058153581028385,1
S265,71.2114777291026,23.74636663142838,20.67744329614431,13.261812535610154,1,8.59850042547633,22.211904963786345,72.16768207783323,1
S266,56.28325227052726,14.484117874370563,14.34514201238008,11.470260214051425,4,8.788053506779798,14.41462994337532,65.9784529411842,1
S267,99.48616955897452,17.82505754751519,19.555095754605198,20.0,4,7.230199796343302,18.690076651060195,83.05613374920105,0
S268,53.54787933059051,25.0,16.38436943414084,13.47234256270299,1,9.450560810346776,20.69218471707042,69.22956686392097,1
S269,68.39933269954524,14.865164711061162,17.057880229640933,14.369614420353457,1,7.179715735006482,15.961522470351047,61.21664023657162,1
S270,76.96110865929137,25.0,24.94437270084175,15.654456128121403,2,7.904098858656946,24.972186350420877,80.65089201779863,0
S271,96.61909933599173,21.538759677277376,24.365240482377075,14.13080733911736,2,7.0347861796749225,22.952000079827226,77.55789575061054,1
S272,53.46206773230841,15.187666120528661,22.43655248362871,19.085153121292258,1,6.691831772819052,18.812109302078685,66.59606187775381,1
S273,92.4474562823244,21.162038695277605,15.630748941309683,12.132051914796644,2,8.753029306549038,18.396393818293646,71.70775045297351,0
S274,75.1534959152938,22.86277224813365,18.73436620122079,14.583822365711729,5,10.0,20.79856922467722,85.59686924081687,0
S275,60.27737023428074,21.10904981108598,24.852390799916733,11.772588242905854,4,7.065888134015619,22.980720305501357,76.04499713256465,0
S276,81.93155211394907,10.148876400547717,20.56686765455962,10.039932466337882,4,8.958385889613695,15.357872027553668,69.94678683663889,1
S277,77.98589543360205,14.364314120875658,25.0,12.164692727284145,1,7.108906424759767,19.68215706043783,65.80458654685806,1
S278,65.99674684261808,16.762406822242475,21.573271357577486,13.888889608854765,3,7.487418027772795,19.167839089909982,71.21858594539722,0
S279,76.04703127485028,17.62783285449977,20.768196465960127,12.71209332644822,1,9.609100526678006,19.198014660229948,69.82899043103397,1
S280,69.2202960470736,21.103360487753392,18.763534143189993,11.922737060378433,2,6.211757657909633,19.933447315471692,65.90663271944747,1
S281,76.70276017876873,18.888505004666268,20.534163619129128,9.781047608984498,3,5.894209117652252,19.711334311897698,66.9352270940204,1
S282,84.9319601178157,11.323278206449494,19.390120654477826,13.750683282113915,2,7.395361621484221,15.35669943046366,65.291387468936,1
S283,98.79025224218029,19.900989255029817,22.832434706754363,9.485838877906993,5,8.29638723352521,21.36671198089209,82.06945257685153,0
S284,56.43276751759726,21.052928726419115,23.826809267178337,16.280167891068807,2,8.056399886017058,22.439868996798726,74.96766970464641,0
S285,100.0,20.7989522396552,16.8560421579682,14.24731925880351,5,7.932815010831595,18.8274971988117,82.21325031870887,0
S286,45.71868300716247,23.403903627773108,14.675068185768888,9.627345501605209,5,7.540958377813894,19.039485906771,70.05581135826267,0
S287,72.72322357446625,22.16961077274452,12.655178507586815,13.07237276885041,2,8.443848032380703,17.412394640165665,67.81916153251449,1
S288,83.82475809726864,20.295900396142184,22.031965307650175,11.74353078322825,2,4.003593069546033,21.163932851896178,65.58717467043638,1
S289,79.2148780160255,17.649171442706766,15.586533575304506,14.957523531257541,5,6.599033633894711,16.617852509005637,74.35982225435396,1
S290,65.65950720269109,9.695195332420043,11.388437628190069,18.021351338069433,3,7.387665108859863,10.541816480305055,62.28956014022627,1
S291,71.87816624464087,20.148091095662927,21.554314418123855,8.374482591062765,5,8.34544175892301,20.851202756893393,76.64750474219412,0
S292,67.6049859801175,19.038438435815557,25.0,14.345078237442252,4,9.287718168082279,22.01921921790778,82.00083682724978,0
S293,66.15952864583683,19.357894185976868,19.975716353840426,13.519601613300079,5,6.437880350199432,19.666805269908647,75.33835968141466,0
S294,87.74403145531537,11.616257120898453,23.353963097806567,16.014020229351395,3,9.248494350643881,17.48511010935251,76.92263099878701,0
S295,80.35523228947571,12.594717297958688,20.32731743419026,14.639589884713068,4,6.956925996958365,16.461017366074472,71.85169521844065,1
S296,64.60635607109019,23.26576426666452,19.60444138723543,11.744092004783543,1,7.344108260423177,21.435102826949972,66.5005155938275,1
S297,88.49399813149876,17.802224230716725,23.676305931951074,13.042838193000145,1,8.197719022557136,20.739265081333897,71.54815006983361,0
S298,79.60949281314915,21.40750348686312,18.838901823245394,11.611922429589534,3,7.256116704831872,20.123202655054257,72.03448107244695,1
S299,87.1929317825844,18.141591880652307,21.06956925628761,17.228021415795794,5,8.83214112799958,19.60558056846996,85.84211977277401,0
S300,84.44443262885419,18.148780697478728,21.286791224784054,14.063934946015827,2,7.014475025864227,19.71778596113139,71.09942885003865,1
S301,62.56507483616892,22.691419029879988,17.327638185427805,19.703572057259024,3,7.0325580104636,20.0095286076539,76.36465094245285,1
S302,66.59728439704546,15.419776358913131,23.96816939814609,13.818017558556138,4,8.762375945051199,19.69397287852961,77.09143326446167,1
S303,86.20940407684893,18.480603884704916,19.300160973218365,11.874779699268611,4,6.58425073407881,18.89038242896164,73.01042031914722,1
S304,84.15555398150197,15.688623556474788,16.97701936202862,9.458856822161518,1,7.798714914379992,16.332821459251704,60.65169844456207,1
S305,74.68647609053778,15.827518862838422,22.146039374281614,8.590580971232164,4,5.507420798767411,18.98677911856002,66.641948895292,1
S306,76.75991074963173,16.454139382656802,16.406128072835852,9.24759217098353,3,9.683567222473428,16.430133727746327,68.5590340272405,1
S307,94.16497343682637,19.110668858168566,20.112724629476514,14.80137995303445,4,8.94786232348413,19.61169674382254,82.05133373226259,0
S308,66.12642916746255,15.606256891682612,19.963524013423186,15.5261750696898,3,10.0,17.7848904525529,75.24149989784173,1
S309,83.20646071755057,24.278780627867604,24.34358226332631,9.256427893903599,2,9.106036477735662,24.311181445596958,76.97865654655413,0
S310,71.9671102134916,13.526963488902481,21.89879293151981,16.685114942228346,1,6.144419724479422,17.712878210211144,64.45849900466135,1
S311,71.7347819515917,17.065641779193204,19.899892165019423,12.550816844949681,4,8.30237983219271,18.48276697210631,74.09807277145751,0
S312,91.48165277980786,15.801344708629125,23.27106519680115,14.440379035956648,3,6.398389485333834,19.53620495271514,73.85300872704478,0
S313,87.38124523482045,25.0,25.0,18.836661884766272,5,9.393645008463718,25.0,96.0949310443992,0
S314,87.20264454000957,18.982773882557872,22.231241225407448,16.690517947596597,1,6.178631654426914,20.607007553982662,70.82546424414176,1
S315,94.58218210731494,23.159222697343175,20.04141047937352,13.194408056282503,2,6.121014138912243,21.600316588358346,72.83875408295641,1
S316,75.31505762449139,10.57219813481514,14.752655070599362,11.326423323754138,3,5.568226255563976,12.662426602707251,57.39459062672111,1
S317,85.22929456942445,19.335251329346296,15.73954534769851,7.544553796012085,2,6.913944214484398,17.5373983385224,62.021152849674486,1
S318,70.34599865109816,22.448153978117183,18.77910118258133,11.84254004227274,2,6.672626610259714,20.613627580349256,67.80107746336964,1
S319,79.86249528732664,18.41141994637712,17.561951191362866,13.366609283516917,4,5.986021072992882,17.986685568869994,71.08636284595093,1
S320,73.04785418448473,23.327401875326757,19.252114788058215,11.038461418546447,4,9.887770925092228,21.289758331692486,79.81655452532287,0
S321,76.45493947489078,15.413557749498139,20.22659969958843,13.606229098723086,3,8.135856835663974,17.820078724543286,71.65475338287295,1
S322,83.92735538155371,25.0,22.118771017426923,14.230555648876305,5,7.994681447828054,23.55938550871346,86.87327157604406,0
S323,62.726689751497915,25.0,19.718004887763634,13.325432054575764,3,9.406997303097512,22.359002443881817,78.30418407909323,0
S324,100.0,16.185807197801704,21.946006575304807,12.04999225752962,5,7.807509350451522,19.065906886553257,80.35341577922608,0
S325,59.90973927750447,15.77248739299614,20.25789765924048,14.505964015900183,2,6.601583758193833,18.015192526118312,64.86745911552006,1
S326,56.787170808184015,25.0,12.098133734584515,15.325821948708228,1,5.459748308978812,18.549066867292257,61.08164691204587,1
S327,92.37166310250102,25.0,16.242658424724983,10.728802767671462,3,6.533931129187915,20.62132921236249,72.44374542359468,1
S328,86.87494040944404,15.385699864233658,19.42364977711354,18.232797139238812,3,9.306498720610154,17.4046748206736,78.78643852150535,0
S329,84.36179725578234,15.899065914520714,15.16122102863557,13.704235603147215,5,5.993596661176608,15.530143471578143,71.29634424783244,1
S330,84.4251826389642,16.591076955697464,22.399714919984817,14.056548868834543,2,7.923752685597452,19.49539593784114,72.40654453597274,0
S331,74.81629840729629,11.277747444828615,25.0,16.12464326976967,2,8.74071017170267,18.138873722414306,72.4397171891556,1
S332,61.54118442771252,13.406740267579009,24.875047406789268,14.699648393790504,5,7.842413808531902,19.140893837184137,77.52468135519379,0
S333,76.1370683729059,12.97929616623966,19.14622851627917,16.859409901739735,2,7.9787799945487,16.062762341259415,68.92484024537382,1
S334,64.84257432731832,14.161012174479357,25.0,14.861372495605472,4,8.286724695448111,19.580506087239677,76.76522886930123,0
S335,89.62679600126627,17.826575563066093,20.594669828808446,12.162687876078687,1,7.955137046187179,19.210622695937268,68.27671389393468,0
S336,72.79413927746792,19.171073662682602,18.651656115527842,15.084510575618305,3,9.430889006967938,18.911364889105222,76.37520466975579,0
S337,62.61754204811233,25.0,17.54638934583624,10.568821378038015,1,6.251649926126867,21.27319467291812,62.96476532300039,1
S338,70.1792123752051,13.008229796306045,18.790121254047488,14.32567911732957,3,7.788509852206543,15.899175525176766,68.03233142835164,1
S339,81.19397181413436,22.921611992382918,18.447292725835084,13.900310028066617,4,5.318111479203423,20.684452359109002,74.43564713892188,1
S340,66.54413170794038,16.930055778872454,20.681664889501953,13.375649428182381,2,5.011504575376156,18.8058603341872,63.05541004138245,1
S341,62.666694066503524,17.752681451737836,20.64229592419946,13.614387465683208,5,7.401994762977619,19.197488687968647,75.99426017245993,1
S342,78.65530817237868,21.37409746083302,20.012184080613657,8.354452863507083,4,8.152055482733708,20.69314077072334,74.20257330005167,1
S343,78.67449856663085,12.386389892188507,21.7477526789854,12.353825276777116,1,9.456801332685078,17.067071285586955,66.53169759850609,1
S344,67.39585236943306,19.912048730920255,24.762585099145365,14.278534703423345,5,10.0,22.337316915032808,86.45183692244888,0
S345,67.93442541572516,18.83226104106528,23.798216541765296,14.479569175992202,2,9.083832804798577,21.31523879141529,75.18727472486995,0
S346,78.48074906036454,20.462256320040744,14.060408126200386,10.916974577222126,4,8.372598893277635,17.261332223120565,71.9395783971443,1
S347,53.27873487754014,19.44584321953909,9.78431546039218,17.797123522594102,5,7.691957826928578,14.615079339965636,72.36767239121225,1
S348,53.888043384351676,25.0,23.737279644957095,11.401475455356497,4,5.662526324179947,24.36863982247855,74.2890427115231,1
S349,64.22333668121345,14.81130007874342,14.532485206338315,16.90837160158021,4,7.3247560731098424,14.671892642540868,69.72088791364864,0
S350,71.7982927243223,15.345015224990911,19.100938392429267,15.281583085615054,2,9.04845210150987,17.22297680871009,70.49348614571896,1
S351,79.66361348397007,14.884297367876178,15.319547895762561,12.061318070468591,3,8.577938227233648,15.10192263181937,67.59514955001798,1
S352,97.13034325424329,15.222614404198726,12.792078249679921,19.325932677828536,5,5.956399023980462,14.007346326939324,75.8836844195972,0
S353,87.86489434803029,14.813064363467412,22.165850912819153,10.419089504730561,2,8.236830776710176,18.489457638143282,68.72938015998639,1
S354,72.60092205054859,23.94508265553776,23.036620641210586,16.757462520830003,4,8.134071374241264,23.490851648374175,84.91400020311688,0
S355,74.71475688145966,25.0,17.693958397093123,17.001746954128933,2,7.919868144137685,21.346979198546563,76.35705092747529,0
S356,59.96205953043287,15.14626853125262,9.63583083142036,11.988139372770066,3,7.466573333547199,12.39104968133649,58.86695731126316,1
S357,74.72230296011415,13.838222134478857,17.81502220699007,18.177395900192987,5,8.298700760333032,15.826622170734463,78.54877601904676,0
S358,70.67012041619793,20.35707778193202,21.567216021610186,13.249860456203141,3,8.336775646694878,20.962146901771103,75.4103789714517,1
S359,79.84077840507135,15.238884778595143,14.084353724903485,14.866080887839571,1,6.730249481482313,14.661619251749315,60.584362564952784,1
S360,62.59153584671515,21.164659088777555,20.73343967911662,14.780965516313662,5,8.046016873658514,20.949049383947088,80.71514546869155,0
S361,82.79019771361759,19.0146151042565,19.93876060330802,13.597073775588356,3,7.272725831103344,19.47668785378226,73.36533108336845,0
S362,97.99108369503867,10.42127942501384,22.317165998404352,16.432424819479348,4,5.715319358704509,16.369222711709096,73.56718960536604,0
S363,73.36859777314713,25.0,20.478321473656614,16.38046616165664,5,6.8260715579542035,22.739160736828307,84.04534349908191,0
S364,81.02567583148412,25.0,16.10772423647378,8.754404080285457,5,5.623572377585489,20.55386211823689,72.9425500185797,1
S365,85.35215987566669,14.936056547578069,24.786286006657967,17.913020728634457,2,8.676112242084125,19.861171277118018,77.88810971316572,0
S366,68.98169292171245,16.061492200320078,19.36588170789212,9.012524035892977,4,7.927067253065183,17.7136869541061,68.74513891077353,1
S367,78.36138722715626,19.429326953624525,19.890781841960273,17.097638613024973,1,7.073411266552866,19.6600543977924,70.20108757614057,1
S368,75.18888601172692,19.672283949935125,16.266928163707217,17.38011541048275,3,9.204625611946378,17.96960605682117,77.0131067344022,0
S369,76.46514147823248,21.29272136336415,18.22687099523396,10.727100709354406,2,7.5815890890974,19.759796179299055,68.06047730393749,0
S370,63.404853242168,25.0,16.460789143892395,12.767557136136245,3,5.782532692839751,20.7303945719462,69.02780790714021,1
S371,75.36765261388415,17.11526386252975,19.308215760306307,10.682885994542193,1,6.972625751779427,18.211739811418028,61.74170044267668,1
S372,82.46997436868175,14.008513777307732,25.0,13.355236909133794,1,9.45942502472795,19.504256888653867,71.47860459400775,1
S373,96.76715411692562,11.103403859927365,14.512395428274575,13.075897147442776,5,6.696629249893028,12.80789964410097,69.81301714638093,1
S374,89.3890623912781,14.345349800290405,13.545754408493035,16.33898159680802,1,7.830265546509396,13.94555210439172,64.19562518594715,1
S375,100.0,17.834365135631014,25.0,17.930926238358825,3,8.392651949417566,21.41718256781551,84.4853500211289,0
S376,63.489786556679256,25.0,19.162705291392534,18.18705143236987,4,8.20793818146593,22.081352645696267,83.02835294350926,0
S377,88.08480955081018,15.411943504819142,17.323709045360335,12.313495920265094,4,10.0,16.36782627508974,76.18368950148124,0
S378,77.75013008607527,19.118939758194493,24.159618749584304,13.372334378766416,5,6.088436091692078,21.6392792538894,79.0398662435868,0
S379,100.0,17.91788551963624,17.577537841052543,8.949685423337149,3,6.208244303360637,17.74771168034439,67.1862614467485,1
S380,62.87552571967273,23.94196636724042,25.0,11.582389800511434,3,6.108294663477441,24.47098318362021,73.85987059988696,1
S381,62.40417236728836,25.0,22.711703485357077,16.894554899292373,1,7.144897894779739,23.85585174267854,73.95492626084412,0
S382,66.00911031833967,15.345656135398396,18.04835436741719,18.846748470644695,3,8.819252865818942,16.697005251407795,74.5216917886491,0
S383,43.141564135352894,15.55280278740889,25.0,10.296953384360233,2,6.2619185042441865,20.276401393704447,61.37654833944756,1
S384,67.11367467478858,23.22080438534536,17.577140307986646,12.222607222541317,1,8.836032607132726,20.398972346666003,68.47563982679554,1
S385,63.61301007669453,21.40945744813156,22.968381488037227,13.92078272912322,2,7.5421520039132846,22.188919468084393,72.56244350803358,0
S386,77.25590679714311,25.0,21.19717032162597,14.84048347645882,5,6.169203968146892,23.098585160812984,82.53879185464808,0
S387,80.12633963665739,20.919640926629818,25.0,11.571189440235061,4,5.398356052118572,22.95982046331491,75.61094040633049,0
S388,100.0,16.203539546064704,25.0,15.27218313339227,5,5.666915407428808,20.601769773032352,81.61196102659149,0
S389,89.25635757279075,20.953274153461546,20.128016596263066,12.578481958787252,4,6.700975910119291,20.540645374862308,76.65680980111567,1
S390,66.34644516506395,23.543517902914537,16.986328518615267,13.956643187365163,5,7.297018589108015,20.264923210764902,78.16560407563348,1
S391,61.52377992977463,22.102410905986822,21.839888571756465,15.638852744011098,3,9.115275572076541,21.971149738871645,79.13424831349136,0
S392,82.37878757259759,20.53637015553649,17.289138520991575,14.019266809432814,2,8.458905854625886,18.91275433826403,72.21076717408,0
S393,55.19650189469037,23.333373447945768,25.0,12.690842328420294,4,6.493270497503637,24.166686723972884,76.83718413886241,0
S394,100.0,23.846477952228362,20.54614132433095,13.671170588222507,1,7.990398340046601,22.196309638279658,75.44945642060684,0
S395,92.69160181081931,24.910794955187637,18.538713794751565,13.734911122383995,2,9.481855523030688,21.7247543749696,79.28923050507177,0
S396,67.96236521842943,21.243549437948214,20.738721223459635,12.889966910353618,1,9.748700905236042,20.991135330703926,71.69059785553691,1
S397,49.30298206363683,17.164409598415727,14.611494841881214,13.223611811998692,2,7.1227127861356845,15.88795222014847,60.10320233176601,1
S398,95.3080856124812,18.733568432166614,16.113543845957395,18.79594151151415,2,8.649946115646003,17.423556139062004,76.51930319452221,0
S399,73.28190232121074,24.032544832541785,24.801655631777702,15.682758343823716,5,9.16794644026539,24.417100232159743,90.03687676119857,0
S400,93.56724467960193,13.91532164506382,17.372422884114417,13.113559045912519,4,5.691513692185936,15.643872264589119,68.87351810340854,1
S401,51.08358511808449,19.843366544364507,15.81235606927224,16.090863213532206,4,6.885111495408363,17.827861306818374,70.89879978226432,1
S402,66.0093746556934,16.033305938363196,22.146611010109144,12.99854153073197,2,10.0,19.08995847423617,72.02954003235594,0
S403,75.07865549577275,18.143724114674086,24.742816618651986,17.519373912759924,3,7.138756667854915,21.443270366663036,78.40651962102572,0
S404,75.70470890647113,24.392259313036494,22.875813242660268,15.108926576594282,3,4.0,23.63403627784838,73.82970540594246,1
S405,68.24901792781135,18.955495340099517,23.984190743223266,13.678093567987313,1,7.354845827535933,21.46984304166139,68.82044319063925,1
S406,84.34274898521248,18.232182740780743,16.972819645722158,15.343150777430832,1,8.849550598939034,17.60250119325145,69.69361335398985,1
S407,58.98569355926108,11.200719295100404,14.312757333032625,9.287371543794503,5,7.507812524161075,12.756738314066514,62.500397203457325,1
S408,72.8643077246806,21.731267830136105,25.0,10.619697593270583,2,8.35843673616076,23.365633915068052,74.05042987818618,0
S409,76.80443447567848,21.227420905705376,18.709280644631455,10.418224980802833,1,8.625866397186877,19.968350775168417,67.21000794049642,1
S410,82.71658251088124,25.0,18.99666793417981,14.42882928429112,1,7.074075058281261,21.998333967089906,71.77720392490113,0
S411,85.67422317133335,16.461108825234994,25.0,19.197544998455275,2,6.876728416302749,20.730554412617497,77.10229124611057,0
S412,58.13036862243196,19.095751638319694,22.22492003760264,20.0,5,7.684129171145126,20.660335837961167,83.72056772186579,0
S413,51.98828743896567,19.246918418553776,21.82355108832643,15.914153304322271,1,7.713334707515857,20.5352347534401,67.85583873382754,1
S414,94.16515232847763,25.0,25.0,15.50253342483337,5,7.564892183816365,25.0,90.75220733920636,0
S415,79.98471017969388,17.523522338065238,17.42592707847943,8.596826797541784,4,7.614187827218957,17.474724708272333,69.00414521185103,0
S416,63.7727019516517,19.395107628851697,23.711360512324948,12.371978600797934,5,6.601744638455115,21.553234070588324,76.98275642481576,1
S417,98.26727963283784,21.039482548582697,20.228052499588337,11.636648744275284,3,8.400344292097138,20.633767524085517,77.46364797890305,1
S418,76.73511951439288,18.93304561578179,21.074369115453027,12.137457205246651,3,8.21907833653556,20.00370736561741,73.66630782899007,0
S419,92.6894577609574,15.767831927247359,25.0,13.495568544245632,5,5.8967899600374505,20.38391596362368,79.08959669204062,1
S420,76.01277722115164,18.97044996449154,22.031343025158495,12.583728266908619,3,7.0330052194968395,20.500896494825017,72.54784459882131,0
S421,100.0,23.36815874929886,22.153184316198534,8.062100568872637,4,7.6116958470473355,22.760671532748695,78.9323100438287,0
S422,100.0,12.8674235029447,24.29002934923921,16.243730768352602,2,6.858824397268591,18.578726426091954,73.31860766017323,1
S423,71.2655377728139,18.66484837073438,18.54018908182846,10.78177092278058,3,8.264846373105353,18.602518726281417,69.74511955613136,1
S424,89.57356426431534,14.499395925304134,16.643161330643974,14.717740592333449,3,7.419740953851434,15.571278627974053,69.96444047131946,1
S425,84.68063924377721,23.975233144624212,15.820763223915865,20.0,5,7.702887035346224,19.897998184270037,86.37360354310087,0
S426,95.52947336298523,10.384065476081126,12.134573642495994,11.24184622524073,4,7.0191488310203125,11.25931955928856,63.539675934746676,1
S427,60.52614809129843,15.205390763642058,25.0,6.40913743176101,2,5.108137411907262,20.10269538182103,57.98441311262204,1
S428,85.29077189997659,19.886059375322603,15.587166537113267,13.141987334359667,5,5.0395820141250605,17.736612956217936,72.38046694929938,1
S429,90.87636730274382,25.0,19.11498550565691,17.302878904995712,5,8.207531456030432,22.057492752828455,88.83162862180804,0
S430,48.618907703653285,17.67124869463506,18.892746800444318,19.87504236266178,4,7.820294491787273,18.28199774753969,76.2967920465813,0
S431,57.25112231001337,15.224002366534009,21.229626791236402,10.311351216642748,2,8.026394647621302,18.226814578885204,63.589496577693396,0
S432,44.411517333598496,25.0,23.262948850157187,15.490097669709565,4,7.661367410475496,24.131474425078594,79.89848484041147,0
S433,70.95889748333164,10.75993049791878,23.44189395343898,12.60406862965984,2,7.757480884048217,17.100912225678883,65.46668661062466,0
S434,85.76313383693943,7.005970216899591,17.667690245724245,13.682154937087592,4,8.662828048342545,12.336830231311918,68.8789042006561,0
S435,97.53535578144042,20.20007225026666,19.331513144854355,20.0,5,8.033543246881695,19.765792697560506,88.57806913827584,0
S436,76.11142170629662,15.489728878236944,21.1303198019532,9.491089014814541,5,8.749091220367335,18.310024340095072,75.31237839861271,0
S437,99.42923318356938,12.893835914346434,19.00523549526581,14.76121898448372,1,7.705754209471917,15.949535704806124,66.84287872370534,1
S438,54.29847812677663,21.541782236496765,25.0,15.4030795152963,3,7.139541911376275,23.270891118248382,76.22581715227035,0
S439,49.44926340967268,19.219003568855996,21.963899806553005,17.25735897481804,4,7.733043434587495,20.5914516877045,77.22568856724239,0
S440,74.16678451655072,15.179606846316357,22.93951114419927,14.293949460412687,1,6.496586542215244,19.059558995257813,65.1875250758472,0
S441,80.76098173408961,11.598478006645529,22.65152507466965,14.924151618512306,3,7.044183685305709,17.12500154065759,70.47780675153082,0
S442,74.5095787785886,22.362286641400722,24.6938954299413,12.825054297734626,4,7.713085570368044,23.52809103567101,80.9378950149923,1
S443,43.98836849940185,21.251005889793305,20.724086234814827,14.807380823735322,2,7.697181998281214,20.987546062304066,69.16200825790209,1
S444,73.66319940730817,17.504120681103085,14.812672208176615,12.970423173507768,3,7.372297343996414,16.15839644463985,66.92445487265506,1
S445,55.43295749242721,25.0,21.598751807010565,15.864715669568152,5,5.834178347790952,23.299375903505283,80.09148047862247,0
S446,85.04508823245058,12.649576168369236,17.394572424832685,12.891168991869097,1,8.263691455704857,15.02207429660096,62.8147960525994,1
S447,80.49897369145272,10.372374145376305,17.885533273000974,15.13130118170656,3,8.50107408791946,14.12895370918864,68.93565407982595,1
S448,60.90180320508967,14.540459650593778,22.345456075020373,13.912211558945065,3,9.472428594302686,18.442957862807077,73.05547364395014,0
S449,67.2919962399496,17.77206991822251,24.953132285734544,17.378150752316504,5,8.030131195906478,21.362601101978527,84.27759689015853,0
S450,59.11179717166573,19.21669724661346,20.08508630694425,13.845818829234542,4,7.5017542010297795,19.650891776778856,73.73733027075944,0
S451,74.05981354090243,16.79381971071835,21.235332050395854,8.680902595379356,2,6.28436458846782,19.014575880557103,62.47403175881207,1
S452,89.32713480751858,19.760276982571483,25.0,17.785764502141976,5,9.290421443233267,22.38013849128574,91.46314495025172,0
S453,60.21410930496684,11.74230287904778,20.963012717954275,11.282803097412144,2,7.797399572248828,16.352657798501028,61.76764455025566,1
S454,82.56069773276766,25.0,25.0,12.038700984053541,4,7.732047808590548,25.0,83.51101462369864,0
S455,67.04613572441339,17.589244108037157,22.262038582526177,12.213016117869524,3,7.1951325621853774,19.92564134528167,70.42233565663972,1
S456,63.10690751606484,23.586479157940637,12.956948963376728,18.123314279512453,2,7.118436520278165,18.27171406065868,69.87040388765948,0
S457,73.39454460068163,19.71362673188852,23.01336648441813,7.592977358063914,1,8.325920080861016,21.363496608153326,65.65900712764358,1
S458,59.47136516370939,20.283766095768918,21.52463353953111,20.0,1,6.27427125280969,20.904199817650014,70.52172711539278,1
S459,66.69526041979228,20.84883640116102,25.0,17.168170427198156,5,9.450518230990536,22.92441820058051,88.81078486786815,0
S460,57.03183161116728,20.238542800086574,22.692725405079834,14.669716742387479,4,9.189031749046046,21.465634102583202,79.83797174971484,0
S461,100.0,21.21361379933772,19.446176064064904,13.83531799815114,5,7.075126143759493,20.32989493170131,82.462061958753,0
S462,75.52895327957593,24.645762650662157,15.102807054842536,14.85666222457297,5,6.463362520952349,19.874284852752346,78.19807218693391,1
S463,64.50411738011121,18.98260584850735,19.163906970855898,15.563367285138014,5,5.0817528139735035,19.073256409681626,73.65025128493362,0
S464,78.20969866101333,21.54501878794256,16.5979181831628,15.93564675785017,1,5.998303353018928,19.07146848555268,66.35130054923695,1
S465,73.31507925463755,17.551321528563868,17.67790620078111,15.666813398010346,1,8.375893791459449,17.61461386467249,67.60589594361396,1
S466,71.68545600700166,25.0,22.35431361768244,14.268742043765746,5,7.878410230680784,23.677156808841218,85.15407590032616,0
S467,84.21250050065137,14.61803848970365,25.0,13.407984739078021,1,8.092384278367305,19.809019244851825,69.74821574890919,0
S468,86.36261565070957,25.0,21.578686119291923,13.546180149039465,4,5.285304437611006,23.28934305964596,78.53253031882485,0
S469,67.04248278584208,17.799210246778284,15.216467751859263,13.415275158941958,5,7.025021255876803,16.50783899931877,71.87602165266294,1
S470,66.3627263903298,10.84612448940976,21.77841067288056,17.401310290601195,1,9.1407273675385,16.31226758114516,67.69493553460558,1
S471,70.87422454272534,18.640522074553946,24.786525946582604,15.780670166842587,2,7.384767113616776,21.713524010568275,74.28504996586838,0
S472,40.471182528966224,14.594741712625595,17.56086838272247,5.17883409600716,5,5.973246318451218,16.077805047674033,58.23079888232452,1
S473,52.27213406702172,22.203217744943622,19.46393133330833,15.967702329589283,5,7.366077202988518,20.833574539125976,78.94831716773413,0
S474,95.50311401166786,14.736880103488046,20.058752778916787,14.584208584156325,4,6.5747790979617005,17.397816441202416,74.58368173903675,0
S475,99.67451570251926,15.769082833926102,16.86040674767104,13.943873730662308,3,7.900414871934476,16.31474479079857,72.61789782418076,1
S476,71.26445940665432,8.552296345272346,22.593121735375437,12.834444640733343,3,7.524654454665258,15.572709040323891,65.89710353005547,1
S477,83.6483544458365,15.738468403754617,19.516207405568874,17.37233815995804,4,8.15195599689875,17.627337904661744,78.60276134351,1
S478,79.66875231815304,5.880603366855217,21.67812977562811,16.842579386368573,4,6.038491647881865,13.779366571241663,68.2235196010485,1
S479,100.0,10.080485882571384,16.4500312887916,11.681366996529173,4,6.961540117601881,13.265258585681492,67.34597487194098,1
S480,91.79362367151865,21.802073280721487,18.25016679870636,15.221156861373606,3,8.808521209678931,20.026120039713923,79.64309952385898,0
S481,73.0812361277885,21.92900079325416,22.889525431311085,11.085029796376142,4,5.874863934677422,22.409263112282623,74.25199383873526,0
S482,60.666893390993614,20.127287808924823,18.508667391632933,9.861145505633209,1,6.296265580752026,19.31797760027888,59.319561819564214,1
S483,50.903305196136415,13.165119284353935,25.0,12.119848326230105,5,7.739156771990476,19.082559642176967,73.44369429538388,1
S484,78.05195453800835,17.7614432192901,18.401455257541592,16.587180417148275,5,7.84407580690055,18.081449238415846,80.01235936649442,1
S485,63.654738820735446,17.981987304547157,20.898738903007544,16.85937513612826,2,6.913380188708676,19.44036310377735,70.1233082665334,1
S486,53.666194356034886,12.208176554037287,23.73036332749236,15.539256260291879,2,7.16588054083338,17.969269940764825,65.87293153230901,1
S487,65.3014067363621,25.0,14.326537068267873,16.17528736054399,5,8.13987067386677,19.663268534133937,80.66682946969334,0
S488,58.77677994578407,22.386811452878355,12.956764752076896,15.548534861344875,1,8.51956200211184,17.671788102477628,65.80501703898925,1
S489,100.0,16.89517913085168,13.89737474171962,12.075555214331143,3,6.216934001652289,15.39627693628565,66.62911968412348,1
S490,88.22459635424175,18.134429194972654,25.0,15.295767634021821,3,7.93718342475354,21.567214597486327,79.86135354515017,0
S491,74.88041038025074,19.04191403973776,17.792567416430213,16.401228575683046,1,9.314419200006867,18.41724072808399,71.33114437980316,0
S492,97.19916208335039,7.791325657878547,25.0,16.262873989440724,3,7.3609295263666406,16.395662828939273,73.5038969032982,0
S493,76.16052461471428,16.764113087397014,17.743009605370446,17.56674011442393,4,6.204193015453777,17.25356134638373,73.6852153156509,0
S494,62.08073698007605,14.590078760011007,20.73820521278815,16.12491154160319,5,6.148689709407341,17.664141986399578,73.70772950200212,1
S495,97.84686115904486,12.991899950525422,25.0,15.054344622624749,5,7.3071150704257635,18.99594997526271,81.75444581377323,0
S496,83.08365065526988,16.594498535570224,25.0,17.210450714949282,1,8.743016765841142,20.797249267785112,75.60658585931675,1
S497,59.441307685103155,25.0,25.0,13.92043622225282,3,7.451092980184055,25.0,78.66214304027328,0
S498,72.14491982874588,21.20421430633505,24.83346492237257,11.354376046316847,2,7.727078375887113,23.01883961435381,72.97509733897589,1
S499,61.86572619922865,15.144105051086015,24.09625010324585,13.510799108168708,2,6.304389981391435,19.620177577165933,66.02187854286738,0
S500,54.25800403553496,20.862913906780793,22.37010779680473,11.765292065580653,3,8.679741159571858,21.61651085179276,73.33619313780841,0
